dataset,seed,partition_strategy,dirichlet_alpha,partition_condition,client_id,is_malicious,total_nodes,train_nodes,total_undirected_edges,eligible_train_train_edges,homophily_hits,reference_homophily,current_nodes,current_train_nodes,current_undirected_edges,current_eligible_train_train_edges,current_homophily_hits,current_homophily,homophily_difference,homophily_abs_difference,zero_fallback_reference,zero_fallback_current
cora,42,iid,,iid,0,True,542,28,225,1,1,1.0,557,28,255,1,1,1.0,0.0,0.0,False,False
cora,42,iid,,iid,1,False,542,28,209,0,0,0.0,542,28,209,0,0,0.0,0.0,0.0,True,True
cora,42,iid,,iid,2,False,542,28,235,2,0,0.0,542,28,235,2,0,0.0,0.0,0.0,False,False
cora,42,iid,,iid,3,False,541,28,194,0,0,0.0,541,28,194,0,0,0.0,0.0,0.0,True,True
cora,42,iid,,iid,4,False,541,28,204,0,0,0.0,541,28,204,0,0,0.0,0.0,0.0,True,True
cora,42,dirichlet,0.1,dirichlet_0.1,0,True,524,38,296,4,3,0.75,539,38,326,4,1,0.25,-0.5,0.5,False,False
cora,42,dirichlet,0.1,dirichlet_0.1,1,False,284,10,98,1,1,1.0,284,10,98,1,1,1.0,0.0,0.0,False,False
cora,42,dirichlet,0.1,dirichlet_0.1,2,False,524,3,320,0,0,0.0,524,3,320,0,0,0.0,0.0,0.0,True,True
cora,42,dirichlet,0.1,dirichlet_0.1,3,False,668,42,557,7,7,1.0,668,42,557,7,7,1.0,0.0,0.0,False,False
cora,42,dirichlet,0.1,dirichlet_0.1,4,False,708,47,439,4,4,1.0,708,47,439,4,4,1.0,0.0,0.0,False,False
cora,42,dirichlet,0.5,dirichlet_0.5,0,True,376,40,187,5,2,0.4,394,40,223,5,3,0.6,0.19999999999999996,0.19999999999999996,False,False
cora,42,dirichlet,0.5,dirichlet_0.5,1,False,469,9,203,0,0,0.0,469,9,203,0,0,0.0,0.0,0.0,True,True
cora,42,dirichlet,0.5,dirichlet_0.5,2,False,412,18,144,0,0,0.0,412,18,144,0,0,0.0,0.0,0.0,True,True
cora,42,dirichlet,0.5,dirichlet_0.5,3,False,636,50,383,6,6,1.0,636,50,383,6,6,1.0,0.0,0.0,False,False
cora,42,dirichlet,0.5,dirichlet_0.5,4,False,815,23,511,3,3,1.0,815,23,511,3,3,1.0,0.0,0.0,False,False
cora,42,dirichlet,1.0,dirichlet_1.0,0,True,505,16,199,0,0,0.0,514,16,217,0,0,0.0,0.0,0.0,True,True
cora,42,dirichlet,1.0,dirichlet_1.0,1,False,397,29,159,1,1,1.0,397,29,159,1,1,1.0,0.0,0.0,False,False
cora,42,dirichlet,1.0,dirichlet_1.0,2,False,667,17,415,0,0,0.0,667,17,415,0,0,0.0,0.0,0.0,True,True
cora,42,dirichlet,1.0,dirichlet_1.0,3,False,442,25,171,0,0,0.0,442,25,171,0,0,0.0,0.0,0.0,True,True
cora,42,dirichlet,1.0,dirichlet_1.0,4,False,697,53,321,5,5,1.0,697,53,321,5,5,1.0,0.0,0.0,False,False
cora,43,iid,,iid,0,True,542,28,216,2,0,0.0,557,28,246,2,0,0.0,0.0,0.0,False,False
cora,43,iid,,iid,1,False,542,28,179,1,1,1.0,542,28,179,1,1,1.0,0.0,0.0,False,False
cora,43,iid,,iid,2,False,542,28,230,1,1,1.0,542,28,230,1,1,1.0,0.0,0.0,False,False
cora,43,iid,,iid,3,False,541,28,200,0,0,0.0,541,28,200,0,0,0.0,0.0,0.0,True,True
cora,43,iid,,iid,4,False,541,28,249,0,0,0.0,541,28,249,0,0,0.0,0.0,0.0,True,True
cora,43,dirichlet,0.1,dirichlet_0.1,0,True,471,1,187,0,0,0.0,474,1,193,0,0,0.0,0.0,0.0,True,True
cora,43,dirichlet,0.1,dirichlet_0.1,1,False,501,31,229,1,1,1.0,501,31,229,1,1,1.0,0.0,0.0,False,False
cora,43,dirichlet,0.1,dirichlet_0.1,2,False,373,49,154,8,8,1.0,373,49,154,8,8,1.0,0.0,0.0,False,False
cora,43,dirichlet,0.1,dirichlet_0.1,3,False,581,32,347,1,0,0.0,581,32,347,1,0,0.0,0.0,0.0,False,False
cora,43,dirichlet,0.1,dirichlet_0.1,4,False,782,27,757,6,6,1.0,782,27,757,6,6,1.0,0.0,0.0,False,False
cora,43,dirichlet,0.5,dirichlet_0.5,0,True,544,20,185,0,0,0.0,556,20,209,0,0,0.0,0.0,0.0,True,True
cora,43,dirichlet,0.5,dirichlet_0.5,1,False,453,36,235,3,3,1.0,453,36,235,3,3,1.0,0.0,0.0,False,False
cora,43,dirichlet,0.5,dirichlet_0.5,2,False,740,35,516,0,0,0.0,740,35,516,0,0,0.0,0.0,0.0,True,True
cora,43,dirichlet,0.5,dirichlet_0.5,3,False,365,40,112,0,0,0.0,365,40,112,0,0,0.0,0.0,0.0,True,True
cora,43,dirichlet,0.5,dirichlet_0.5,4,False,606,9,373,0,0,0.0,606,9,373,0,0,0.0,0.0,0.0,True,True
cora,43,dirichlet,1.0,dirichlet_1.0,0,True,412,41,139,2,1,0.5,430,41,175,2,0,0.0,-0.5,0.5,False,False
cora,43,dirichlet,1.0,dirichlet_1.0,1,False,677,43,425,6,6,1.0,677,43,425,6,6,1.0,0.0,0.0,False,False
cora,43,dirichlet,1.0,dirichlet_1.0,2,False,502,18,172,0,0,0.0,502,18,172,0,0,0.0,0.0,0.0,True,True
cora,43,dirichlet,1.0,dirichlet_1.0,3,False,400,18,139,0,0,0.0,400,18,139,0,0,0.0,0.0,0.0,True,True
cora,43,dirichlet,1.0,dirichlet_1.0,4,False,717,20,353,1,1,1.0,717,20,353,1,1,1.0,0.0,0.0,False,False
cora,44,iid,,iid,0,True,542,28,215,0,0,0.0,557,28,245,0,0,0.0,0.0,0.0,True,True
cora,44,iid,,iid,1,False,542,28,233,2,2,1.0,542,28,233,2,2,1.0,0.0,0.0,False,False
cora,44,iid,,iid,2,False,542,28,182,0,0,0.0,542,28,182,0,0,0.0,0.0,0.0,True,True
cora,44,iid,,iid,3,False,541,28,188,2,2,1.0,541,28,188,2,2,1.0,0.0,0.0,False,False
cora,44,iid,,iid,4,False,541,28,214,1,1,1.0,541,28,214,1,1,1.0,0.0,0.0,False,False
cora,44,dirichlet,0.1,dirichlet_0.1,0,True,538,40,441,4,4,1.0,562,40,489,4,2,0.5,-0.5,0.5,False,False
cora,44,dirichlet,0.1,dirichlet_0.1,1,False,562,30,357,0,0,0.0,562,30,357,0,0,0.0,0.0,0.0,True,True
cora,44,dirichlet,0.1,dirichlet_0.1,2,False,191,7,79,0,0,0.0,191,7,79,0,0,0.0,0.0,0.0,True,True
cora,44,dirichlet,0.1,dirichlet_0.1,3,False,455,36,269,2,1,0.5,455,36,269,2,1,0.5,0.0,0.0,False,False
cora,44,dirichlet,0.1,dirichlet_0.1,4,False,962,27,667,6,6,1.0,962,27,667,6,6,1.0,0.0,0.0,False,False
cora,44,dirichlet,0.5,dirichlet_0.5,0,True,795,25,505,0,0,0.0,810,25,535,0,0,0.0,0.0,0.0,True,True
cora,44,dirichlet,0.5,dirichlet_0.5,1,False,609,49,358,2,2,1.0,609,49,358,2,2,1.0,0.0,0.0,False,False
cora,44,dirichlet,0.5,dirichlet_0.5,2,False,283,6,58,0,0,0.0,283,6,58,0,0,0.0,0.0,0.0,True,True
cora,44,dirichlet,0.5,dirichlet_0.5,3,False,811,49,477,2,1,0.5,811,49,477,2,1,0.5,0.0,0.0,False,False
cora,44,dirichlet,0.5,dirichlet_0.5,4,False,210,11,62,0,0,0.0,210,11,62,0,0,0.0,0.0,0.0,True,True
cora,44,dirichlet,1.0,dirichlet_1.0,0,True,701,26,419,1,1,1.0,716,26,449,1,0,0.0,-1.0,1.0,False,False
cora,44,dirichlet,1.0,dirichlet_1.0,1,False,484,37,203,1,1,1.0,484,37,203,1,1,1.0,0.0,0.0,False,False
cora,44,dirichlet,1.0,dirichlet_1.0,2,False,496,35,260,2,2,1.0,496,35,260,2,2,1.0,0.0,0.0,False,False
cora,44,dirichlet,1.0,dirichlet_1.0,3,False,418,28,164,3,2,0.6666666666666666,418,28,164,3,2,0.6666666666666666,0.0,0.0,False,False
cora,44,dirichlet,1.0,dirichlet_1.0,4,False,609,14,235,0,0,0.0,609,14,235,0,0,0.0,0.0,0.0,True,True
cora,45,iid,,iid,0,True,542,28,244,1,1,1.0,557,28,274,1,1,1.0,0.0,0.0,False,False
cora,45,iid,,iid,1,False,542,28,214,0,0,0.0,542,28,214,0,0,0.0,0.0,0.0,True,True
cora,45,iid,,iid,2,False,542,28,169,0,0,0.0,542,28,169,0,0,0.0,0.0,0.0,True,True
cora,45,iid,,iid,3,False,541,28,222,1,0,0.0,541,28,222,1,0,0.0,0.0,0.0,False,False
cora,45,iid,,iid,4,False,541,28,197,1,1,1.0,541,28,197,1,1,1.0,0.0,0.0,False,False
cora,45,dirichlet,0.1,dirichlet_0.1,0,True,604,20,297,0,0,0.0,607,20,303,0,0,0.0,0.0,0.0,True,True
cora,45,dirichlet,0.1,dirichlet_0.1,1,False,1105,15,1025,0,0,0.0,1105,15,1025,0,0,0.0,0.0,0.0,True,True
cora,45,dirichlet,0.1,dirichlet_0.1,2,False,306,40,130,1,1,1.0,306,40,130,1,1,1.0,0.0,0.0,False,False
cora,45,dirichlet,0.1,dirichlet_0.1,3,False,291,25,115,3,3,1.0,291,25,115,3,3,1.0,0.0,0.0,False,False
cora,45,dirichlet,0.1,dirichlet_0.1,4,False,402,40,287,9,9,1.0,402,40,287,9,9,1.0,0.0,0.0,False,False
cora,45,dirichlet,0.5,dirichlet_0.5,0,True,679,23,443,0,0,0.0,688,23,461,0,0,0.0,0.0,0.0,True,True
cora,45,dirichlet,0.5,dirichlet_0.5,1,False,681,49,318,4,4,1.0,681,49,318,4,4,1.0,0.0,0.0,False,False
cora,45,dirichlet,0.5,dirichlet_0.5,2,False,680,18,359,2,1,0.5,680,18,359,2,1,0.5,0.0,0.0,False,False
cora,45,dirichlet,0.5,dirichlet_0.5,3,False,283,34,102,2,2,1.0,283,34,102,2,2,1.0,0.0,0.0,False,False
cora,45,dirichlet,0.5,dirichlet_0.5,4,False,385,16,109,0,0,0.0,385,16,109,0,0,0.0,0.0,0.0,True,True
cora,45,dirichlet,1.0,dirichlet_1.0,0,True,479,29,178,1,1,1.0,497,29,214,1,0,0.0,-1.0,1.0,False,False
cora,45,dirichlet,1.0,dirichlet_1.0,1,False,362,23,140,1,0,0.0,362,23,140,1,0,0.0,0.0,0.0,False,False
cora,45,dirichlet,1.0,dirichlet_1.0,2,False,688,33,373,1,1,1.0,688,33,373,1,1,1.0,0.0,0.0,False,False
cora,45,dirichlet,1.0,dirichlet_1.0,3,False,508,36,152,0,0,0.0,508,36,152,0,0,0.0,0.0,0.0,True,True
cora,45,dirichlet,1.0,dirichlet_1.0,4,False,671,19,306,1,1,1.0,671,19,306,1,1,1.0,0.0,0.0,False,False
cora,46,iid,,iid,0,True,542,28,236,0,0,0.0,557,28,266,0,0,0.0,0.0,0.0,True,True
cora,46,iid,,iid,1,False,542,28,224,0,0,0.0,542,28,224,0,0,0.0,0.0,0.0,True,True
cora,46,iid,,iid,2,False,542,28,174,0,0,0.0,542,28,174,0,0,0.0,0.0,0.0,True,True
cora,46,iid,,iid,3,False,541,28,195,0,0,0.0,541,28,195,0,0,0.0,0.0,0.0,True,True
cora,46,iid,,iid,4,False,541,28,230,1,1,1.0,541,28,230,1,1,1.0,0.0,0.0,False,False
cora,46,dirichlet,0.1,dirichlet_0.1,0,True,926,1,857,0,0,0.0,929,1,863,0,0,0.0,0.0,0.0,True,True
cora,46,dirichlet,0.1,dirichlet_0.1,1,False,424,8,174,0,0,0.0,424,8,174,0,0,0.0,0.0,0.0,True,True
cora,46,dirichlet,0.1,dirichlet_0.1,2,False,534,68,452,4,4,1.0,534,68,452,4,4,1.0,0.0,0.0,False,False
cora,46,dirichlet,0.1,dirichlet_0.1,3,False,402,27,239,6,6,1.0,402,27,239,6,6,1.0,0.0,0.0,False,False
cora,46,dirichlet,0.1,dirichlet_0.1,4,False,422,36,206,2,2,1.0,422,36,206,2,2,1.0,0.0,0.0,False,False
cora,46,dirichlet,0.5,dirichlet_0.5,0,True,575,10,248,0,0,0.0,581,10,260,0,0,0.0,0.0,0.0,True,True
cora,46,dirichlet,0.5,dirichlet_0.5,1,False,614,34,368,0,0,0.0,614,34,368,0,0,0.0,0.0,0.0,True,True
cora,46,dirichlet,0.5,dirichlet_0.5,2,False,664,38,372,1,1,1.0,664,38,372,1,1,1.0,0.0,0.0,False,False
cora,46,dirichlet,0.5,dirichlet_0.5,3,False,424,30,154,5,5,1.0,424,30,154,5,5,1.0,0.0,0.0,False,False
cora,46,dirichlet,0.5,dirichlet_0.5,4,False,431,28,163,2,1,0.5,431,28,163,2,1,0.5,0.0,0.0,False,False
cora,46,dirichlet,1.0,dirichlet_1.0,0,True,573,19,268,1,1,1.0,585,19,292,1,1,1.0,0.0,0.0,False,False
cora,46,dirichlet,1.0,dirichlet_1.0,1,False,504,25,176,0,0,0.0,504,25,176,0,0,0.0,0.0,0.0,True,True
cora,46,dirichlet,1.0,dirichlet_1.0,2,False,427,34,111,1,0,0.0,427,34,111,1,0,0.0,0.0,0.0,False,False
cora,46,dirichlet,1.0,dirichlet_1.0,3,False,791,30,555,2,2,1.0,791,30,555,2,2,1.0,0.0,0.0,False,False
cora,46,dirichlet,1.0,dirichlet_1.0,4,False,413,32,163,2,0,0.0,413,32,163,2,0,0.0,0.0,0.0,False,False
pubmed,42,iid,,iid,0,True,3944,12,1751,0,0,0.0,3950,12,1763,0,0,0.0,0.0,0.0,True,True
pubmed,42,iid,,iid,1,False,3944,12,1807,0,0,0.0,3944,12,1807,0,0,0.0,0.0,0.0,True,True
pubmed,42,iid,,iid,2,False,3943,12,1861,0,0,0.0,3943,12,1861,0,0,0.0,0.0,0.0,True,True
pubmed,42,iid,,iid,3,False,3943,12,1755,0,0,0.0,3943,12,1755,0,0,0.0,0.0,0.0,True,True
pubmed,42,iid,,iid,4,False,3943,12,1686,0,0,0.0,3943,12,1686,0,0,0.0,0.0,0.0,True,True
pubmed,42,dirichlet,0.1,dirichlet_0.1,0,True,281,18,15,0,0,0.0,284,18,21,0,0,0.0,0.0,0.0,True,True
pubmed,42,dirichlet,0.1,dirichlet_0.1,1,False,257,1,17,0,0,0.0,257,1,17,0,0,0.0,0.0,0.0,True,True
pubmed,42,dirichlet,0.1,dirichlet_0.1,2,False,1323,2,191,0,0,0.0,1323,2,191,0,0,0.0,0.0,0.0,True,True
pubmed,42,dirichlet,0.1,dirichlet_0.1,3,False,5970,38,6122,0,0,0.0,5970,38,6122,0,0,0.0,0.0,0.0,True,True
pubmed,42,dirichlet,0.1,dirichlet_0.1,4,False,11886,1,19576,0,0,0.0,11886,1,19576,0,0,0.0,0.0,0.0,True,True
pubmed,42,dirichlet,0.5,dirichlet_0.5,0,True,471,14,31,0,0,0.0,474,14,37,0,0,0.0,0.0,0.0,True,True
pubmed,42,dirichlet,0.5,dirichlet_0.5,1,False,2009,1,701,0,0,0.0,2009,1,701,0,0,0.0,0.0,0.0,True,True
pubmed,42,dirichlet,0.5,dirichlet_0.5,2,False,3101,5,1202,0,0,0.0,3101,5,1202,0,0,0.0,0.0,0.0,True,True
pubmed,42,dirichlet,0.5,dirichlet_0.5,3,False,9577,38,12547,0,0,0.0,9577,38,12547,0,0,0.0,0.0,0.0,True,True
pubmed,42,dirichlet,0.5,dirichlet_0.5,4,False,4559,2,4202,0,0,0.0,4559,2,4202,0,0,0.0,0.0,0.0,True,True
pubmed,42,dirichlet,1.0,dirichlet_1.0,0,True,6805,8,5468,0,0,0.0,6808,8,5474,0,0,0.0,0.0,0.0,True,True
pubmed,42,dirichlet,1.0,dirichlet_1.0,1,False,3413,18,1342,0,0,0.0,3413,18,1342,0,0,0.0,0.0,0.0,True,True
pubmed,42,dirichlet,1.0,dirichlet_1.0,2,False,2120,10,671,0,0,0.0,2120,10,671,0,0,0.0,0.0,0.0,True,True
pubmed,42,dirichlet,1.0,dirichlet_1.0,3,False,2828,15,962,0,0,0.0,2828,15,962,0,0,0.0,0.0,0.0,True,True
pubmed,42,dirichlet,1.0,dirichlet_1.0,4,False,4551,9,2848,0,0,0.0,4551,9,2848,0,0,0.0,0.0,0.0,True,True
pubmed,43,iid,,iid,0,True,3944,12,1798,0,0,0.0,3950,12,1810,0,0,0.0,0.0,0.0,True,True
pubmed,43,iid,,iid,1,False,3944,12,1819,0,0,0.0,3944,12,1819,0,0,0.0,0.0,0.0,True,True
pubmed,43,iid,,iid,2,False,3943,12,1727,0,0,0.0,3943,12,1727,0,0,0.0,0.0,0.0,True,True
pubmed,43,iid,,iid,3,False,3943,12,1659,0,0,0.0,3943,12,1659,0,0,0.0,0.0,0.0,True,True
pubmed,43,iid,,iid,4,False,3943,12,1779,0,0,0.0,3943,12,1779,0,0,0.0,0.0,0.0,True,True
pubmed,43,dirichlet,0.1,dirichlet_0.1,0,True,421,1,17,0,0,0.0,424,1,23,0,0,0.0,0.0,0.0,True,True
pubmed,43,dirichlet,0.1,dirichlet_0.1,1,False,5137,1,4092,0,0,0.0,5137,1,4092,0,0,0.0,0.0,0.0,True,True
pubmed,43,dirichlet,0.1,dirichlet_0.1,2,False,558,28,45,0,0,0.0,558,28,45,0,0,0.0,0.0,0.0,True,True
pubmed,43,dirichlet,0.1,dirichlet_0.1,3,False,3783,28,4339,0,0,0.0,3783,28,4339,0,0,0.0,0.0,0.0,True,True
pubmed,43,dirichlet,0.1,dirichlet_0.1,4,False,9818,2,13481,0,0,0.0,9818,2,13481,0,0,0.0,0.0,0.0,True,True
pubmed,43,dirichlet,0.5,dirichlet_0.5,0,True,6793,5,8404,0,0,0.0,6796,5,8410,0,0,0.0,0.0,0.0,True,True
pubmed,43,dirichlet,0.5,dirichlet_0.5,1,False,2130,16,560,0,0,0.0,2130,16,560,0,0,0.0,0.0,0.0,True,True
pubmed,43,dirichlet,0.5,dirichlet_0.5,2,False,4288,20,3045,0,0,0.0,4288,20,3045,0,0,0.0,0.0,0.0,True,True
pubmed,43,dirichlet,0.5,dirichlet_0.5,3,False,3723,17,2633,0,0,0.0,3723,17,2633,0,0,0.0,0.0,0.0,True,True
pubmed,43,dirichlet,0.5,dirichlet_0.5,4,False,2783,2,990,0,0,0.0,2783,2,990,0,0,0.0,0.0,0.0,True,True
pubmed,43,dirichlet,1.0,dirichlet_1.0,0,True,6624,27,5713,0,0,0.0,6633,27,5731,0,0,0.0,0.0,0.0,True,True
pubmed,43,dirichlet,1.0,dirichlet_1.0,1,False,4279,7,2531,0,0,0.0,4279,7,2531,0,0,0.0,0.0,0.0,True,True
pubmed,43,dirichlet,1.0,dirichlet_1.0,2,False,1699,7,400,0,0,0.0,1699,7,400,0,0,0.0,0.0,0.0,True,True
pubmed,43,dirichlet,1.0,dirichlet_1.0,3,False,1140,10,224,0,0,0.0,1140,10,224,0,0,0.0,0.0,0.0,True,True
pubmed,43,dirichlet,1.0,dirichlet_1.0,4,False,5975,9,4039,0,0,0.0,5975,9,4039,0,0,0.0,0.0,0.0,True,True
pubmed,44,iid,,iid,0,True,3944,12,1836,0,0,0.0,3950,12,1848,0,0,0.0,0.0,0.0,True,True
pubmed,44,iid,,iid,1,False,3944,12,1656,0,0,0.0,3944,12,1656,0,0,0.0,0.0,0.0,True,True
pubmed,44,iid,,iid,2,False,3943,12,1772,0,0,0.0,3943,12,1772,0,0,0.0,0.0,0.0,True,True
pubmed,44,iid,,iid,3,False,3943,12,1880,0,0,0.0,3943,12,1880,0,0,0.0,0.0,0.0,True,True
pubmed,44,iid,,iid,4,False,3943,12,1731,0,0,0.0,3943,12,1731,0,0,0.0,0.0,0.0,True,True
pubmed,44,dirichlet,0.1,dirichlet_0.1,0,True,13916,20,22840,0,0,0.0,13928,20,22864,0,0,0.0,0.0,0.0,True,True
pubmed,44,dirichlet,0.1,dirichlet_0.1,1,False,2464,30,1451,0,0,0.0,2464,30,1451,0,0,0.0,0.0,0.0,True,True
pubmed,44,dirichlet,0.1,dirichlet_0.1,2,False,496,4,22,0,0,0.0,496,4,22,0,0,0.0,0.0,0.0,True,True
pubmed,44,dirichlet,0.1,dirichlet_0.1,3,False,402,5,37,0,0,0.0,402,5,37,0,0,0.0,0.0,0.0,True,True
pubmed,44,dirichlet,0.1,dirichlet_0.1,4,False,2439,1,822,0,0,0.0,2439,1,822,0,0,0.0,0.0,0.0,True,True
pubmed,44,dirichlet,0.5,dirichlet_0.5,0,True,3344,10,1412,0,0,0.0,3350,10,1424,0,0,0.0,0.0,0.0,True,True
pubmed,44,dirichlet,0.5,dirichlet_0.5,1,False,5044,22,3380,0,0,0.0,5044,22,3380,0,0,0.0,0.0,0.0,True,True
pubmed,44,dirichlet,0.5,dirichlet_0.5,2,False,3478,1,1421,0,0,0.0,3478,1,1421,0,0,0.0,0.0,0.0,True,True
pubmed,44,dirichlet,0.5,dirichlet_0.5,3,False,4042,17,2796,0,0,0.0,4042,17,2796,0,0,0.0,0.0,0.0,True,True
pubmed,44,dirichlet,0.5,dirichlet_0.5,4,False,3809,10,2015,0,0,0.0,3809,10,2015,0,0,0.0,0.0,0.0,True,True
pubmed,44,dirichlet,1.0,dirichlet_1.0,0,True,3253,11,1746,0,0,0.0,3259,11,1758,0,0,0.0,0.0,0.0,True,True
pubmed,44,dirichlet,1.0,dirichlet_1.0,1,False,3567,22,1487,0,0,0.0,3567,22,1487,0,0,0.0,0.0,0.0,True,True
pubmed,44,dirichlet,1.0,dirichlet_1.0,2,False,6709,16,4935,0,0,0.0,6709,16,4935,0,0,0.0,0.0,0.0,True,True
pubmed,44,dirichlet,1.0,dirichlet_1.0,3,False,3766,7,1760,0,0,0.0,3766,7,1760,0,0,0.0,0.0,0.0,True,True
pubmed,44,dirichlet,1.0,dirichlet_1.0,4,False,2422,4,700,0,0,0.0,2422,4,700,0,0,0.0,0.0,0.0,True,True
pubmed,45,iid,,iid,0,True,3944,12,1749,0,0,0.0,3950,12,1761,0,0,0.0,0.0,0.0,True,True
pubmed,45,iid,,iid,1,False,3944,12,1869,0,0,0.0,3944,12,1869,0,0,0.0,0.0,0.0,True,True
pubmed,45,iid,,iid,2,False,3943,12,1866,0,0,0.0,3943,12,1866,0,0,0.0,0.0,0.0,True,True
pubmed,45,iid,,iid,3,False,3943,12,1751,0,0,0.0,3943,12,1751,0,0,0.0,0.0,0.0,True,True
pubmed,45,iid,,iid,4,False,3943,12,1677,0,0,0.0,3943,12,1677,0,0,0.0,0.0,0.0,True,True
pubmed,45,dirichlet,0.1,dirichlet_0.1,0,True,5350,18,5648,0,0,0.0,5353,18,5654,0,0,0.0,0.0,0.0,True,True
pubmed,45,dirichlet,0.1,dirichlet_0.1,1,False,960,5,115,0,0,0.0,960,5,115,0,0,0.0,0.0,0.0,True,True
pubmed,45,dirichlet,0.1,dirichlet_0.1,2,False,10990,17,17427,0,0,0.0,10990,17,17427,0,0,0.0,0.0,0.0,True,True
pubmed,45,dirichlet,0.1,dirichlet_0.1,3,False,356,18,17,0,0,0.0,356,18,17,0,0,0.0,0.0,0.0,True,True
pubmed,45,dirichlet,0.1,dirichlet_0.1,4,False,2061,2,971,0,0,0.0,2061,2,971,0,0,0.0,0.0,0.0,True,True
pubmed,45,dirichlet,0.5,dirichlet_0.5,0,True,1085,16,190,0,0,0.0,1088,16,196,0,0,0.0,0.0,0.0,True,True
pubmed,45,dirichlet,0.5,dirichlet_0.5,1,False,5417,12,5792,0,0,0.0,5417,12,5792,0,0,0.0,0.0,0.0,True,True
pubmed,45,dirichlet,0.5,dirichlet_0.5,2,False,5855,6,4672,0,0,0.0,5855,6,4672,0,0,0.0,0.0,0.0,True,True
pubmed,45,dirichlet,0.5,dirichlet_0.5,3,False,6042,13,6412,0,0,0.0,6042,13,6412,0,0,0.0,0.0,0.0,True,True
pubmed,45,dirichlet,0.5,dirichlet_0.5,4,False,1318,13,207,0,0,0.0,1318,13,207,0,0,0.0,0.0,0.0,True,True
pubmed,45,dirichlet,1.0,dirichlet_1.0,0,True,2457,12,701,0,0,0.0,2466,12,719,0,0,0.0,0.0,0.0,True,True
pubmed,45,dirichlet,1.0,dirichlet_1.0,1,False,7849,5,6904,0,0,0.0,7849,5,6904,0,0,0.0,0.0,0.0,True,True
pubmed,45,dirichlet,1.0,dirichlet_1.0,2,False,2603,24,985,0,0,0.0,2603,24,985,0,0,0.0,0.0,0.0,True,True
pubmed,45,dirichlet,1.0,dirichlet_1.0,3,False,2875,12,1175,0,0,0.0,2875,12,1175,0,0,0.0,0.0,0.0,True,True
pubmed,45,dirichlet,1.0,dirichlet_1.0,4,False,3933,7,2839,0,0,0.0,3933,7,2839,0,0,0.0,0.0,0.0,True,True
pubmed,46,iid,,iid,0,True,3944,12,1860,0,0,0.0,3950,12,1872,0,0,0.0,0.0,0.0,True,True
pubmed,46,iid,,iid,1,False,3944,12,1674,0,0,0.0,3944,12,1674,0,0,0.0,0.0,0.0,True,True
pubmed,46,iid,,iid,2,False,3943,12,1903,0,0,0.0,3943,12,1903,0,0,0.0,0.0,0.0,True,True
pubmed,46,iid,,iid,3,False,3943,12,1739,0,0,0.0,3943,12,1739,0,0,0.0,0.0,0.0,True,True
pubmed,46,iid,,iid,4,False,3943,12,1695,0,0,0.0,3943,12,1695,0,0,0.0,0.0,0.0,True,True
pubmed,46,dirichlet,0.1,dirichlet_0.1,0,True,3932,2,3515,0,0,0.0,3935,2,3521,0,0,0.0,0.0,0.0,True,True
pubmed,46,dirichlet,0.1,dirichlet_0.1,1,False,995,1,132,0,0,0.0,995,1,132,0,0,0.0,0.0,0.0,True,True
pubmed,46,dirichlet,0.1,dirichlet_0.1,2,False,30,18,0,0,0,0.0,30,18,0,0,0,0.0,0.0,0.0,True,True
pubmed,46,dirichlet,0.1,dirichlet_0.1,3,False,5683,8,6106,0,0,0.0,5683,8,6106,0,0,0.0,0.0,0.0,True,True
pubmed,46,dirichlet,0.1,dirichlet_0.1,4,False,9077,31,14149,0,0,0.0,9077,31,14149,0,0,0.0,0.0,0.0,True,True
pubmed,46,dirichlet,0.5,dirichlet_0.5,0,True,2090,2,578,0,0,0.0,2093,2,584,0,0,0.0,0.0,0.0,True,True
pubmed,46,dirichlet,0.5,dirichlet_0.5,1,False,9435,12,10562,0,0,0.0,9435,12,10562,0,0,0.0,0.0,0.0,True,True
pubmed,46,dirichlet,0.5,dirichlet_0.5,2,False,4794,16,2744,0,0,0.0,4794,16,2744,0,0,0.0,0.0,0.0,True,True
pubmed,46,dirichlet,0.5,dirichlet_0.5,3,False,2031,13,518,0,0,0.0,2031,13,518,0,0,0.0,0.0,0.0,True,True
pubmed,46,dirichlet,0.5,dirichlet_0.5,4,False,1367,17,307,0,0,0.0,1367,17,307,0,0,0.0,0.0,0.0,True,True
pubmed,46,dirichlet,1.0,dirichlet_1.0,0,True,2757,3,1208,0,0,0.0,2760,3,1214,0,0,0.0,0.0,0.0,True,True
pubmed,46,dirichlet,1.0,dirichlet_1.0,1,False,6346,17,4511,0,0,0.0,6346,17,4511,0,0,0.0,0.0,0.0,True,True
pubmed,46,dirichlet,1.0,dirichlet_1.0,2,False,5065,16,3059,0,0,0.0,5065,16,3059,0,0,0.0,0.0,0.0,True,True
pubmed,46,dirichlet,1.0,dirichlet_1.0,3,False,3175,13,1628,0,0,0.0,3175,13,1628,0,0,0.0,0.0,0.0,True,True
pubmed,46,dirichlet,1.0,dirichlet_1.0,4,False,2374,11,653,0,0,0.0,2374,11,653,0,0,0.0,0.0,0.0,True,True
reddit,42,iid,,iid,0,True,1600,1200,2752,1567,1216,0.7760051052967454,2281,1200,4114,1567,908,0.5794511805998723,-0.19655392469687305,0.19655392469687305,False,False
reddit,42,iid,,iid,1,False,1600,1200,2560,1528,1110,0.7264397905759162,1600,1200,2560,1528,1110,0.7264397905759162,0.0,0.0,False,False
reddit,42,iid,,iid,2,False,1600,1200,2330,1280,1014,0.7921875,1600,1200,2330,1280,1014,0.7921875,0.0,0.0,False,False
reddit,42,iid,,iid,3,False,1600,1200,2610,1575,1151,0.7307936507936508,1600,1200,2610,1575,1151,0.7307936507936508,0.0,0.0,False,False
reddit,42,iid,,iid,4,False,1600,1200,3061,1808,1227,0.6786504424778761,1600,1200,3061,1808,1227,0.6786504424778761,0.0,0.0,False,False
reddit,42,dirichlet,0.1,dirichlet_0.1,0,True,1409,938,4090,3325,3044,0.9154887218045112,1874,938,5020,3325,2170,0.6526315789473685,-0.2628571428571428,0.2628571428571428,False,False
reddit,42,dirichlet,0.1,dirichlet_0.1,1,False,1492,1006,5896,4564,4491,0.9840052585451359,1492,1006,5896,4564,4491,0.9840052585451359,0.0,0.0,False,False
reddit,42,dirichlet,0.1,dirichlet_0.1,2,False,851,582,2899,2372,2318,0.9772344013490725,851,582,2899,2372,2318,0.9772344013490725,0.0,0.0,False,False
reddit,42,dirichlet,0.1,dirichlet_0.1,3,False,1891,1582,6740,5517,4549,0.824542323726663,1891,1582,6740,5517,4549,0.824542323726663,0.0,0.0,False,False
reddit,42,dirichlet,0.1,dirichlet_0.1,4,False,2357,1892,12223,9304,8770,0.9426053310404128,2357,1892,12223,9304,8770,0.9426053310404128,0.0,0.0,False,False
reddit,42,dirichlet,0.5,dirichlet_0.5,0,True,2315,1892,9265,7484,6505,0.8691876002137894,3365,1892,11365,7484,4453,0.5950026723677178,-0.2741849278460716,0.2741849278460716,False,False
reddit,42,dirichlet,0.5,dirichlet_0.5,1,False,1570,1104,3746,2649,2233,0.8429596073990185,1570,1104,3746,2649,2233,0.8429596073990185,0.0,0.0,False,False
reddit,42,dirichlet,0.5,dirichlet_0.5,2,False,1930,1484,4902,3454,2988,0.8650839606253619,1930,1484,4902,3454,2988,0.8650839606253619,0.0,0.0,False,False
reddit,42,dirichlet,0.5,dirichlet_0.5,3,False,1108,772,2559,1834,1692,0.9225736095965104,1108,772,2559,1834,1692,0.9225736095965104,0.0,0.0,False,False
reddit,42,dirichlet,0.5,dirichlet_0.5,4,False,1077,748,2166,1513,1329,0.8783873099801719,1077,748,2166,1513,1329,0.8783873099801719,0.0,0.0,False,False
reddit,42,dirichlet,1.0,dirichlet_1.0,0,True,1347,1024,2712,1805,1485,0.8227146814404432,1923,1024,3864,1805,1062,0.5883656509695291,-0.23434903047091415,0.23434903047091415,False,False
reddit,42,dirichlet,1.0,dirichlet_1.0,1,False,2027,1697,4297,3383,2723,0.8049068873780668,2027,1697,4297,3383,2723,0.8049068873780668,0.0,0.0,False,False
reddit,42,dirichlet,1.0,dirichlet_1.0,2,False,1412,947,2772,1484,1208,0.8140161725067385,1412,947,2772,1484,1208,0.8140161725067385,0.0,0.0,False,False
reddit,42,dirichlet,1.0,dirichlet_1.0,3,False,1391,938,3553,1852,1563,0.843952483801296,1391,938,3553,1852,1563,0.843952483801296,0.0,0.0,False,False
reddit,42,dirichlet,1.0,dirichlet_1.0,4,False,1823,1394,4102,2628,2168,0.8249619482496194,1823,1394,4102,2628,2168,0.8249619482496194,0.0,0.0,False,False
reddit,43,iid,,iid,0,True,1600,1200,2514,1438,1089,0.7573018080667594,2281,1200,3876,1438,764,0.5312934631432545,-0.22600834492350486,0.22600834492350486,False,False
reddit,43,iid,,iid,1,False,1600,1200,2616,1573,1087,0.6910362364907819,1600,1200,2616,1573,1087,0.6910362364907819,0.0,0.0,False,False
reddit,43,iid,,iid,2,False,1600,1200,2704,1518,1133,0.7463768115942029,1600,1200,2704,1518,1133,0.7463768115942029,0.0,0.0,False,False
reddit,43,iid,,iid,3,False,1600,1200,3032,1761,1170,0.6643952299829642,1600,1200,3032,1761,1170,0.6643952299829642,0.0,0.0,False,False
reddit,43,iid,,iid,4,False,1600,1200,2435,1354,1090,0.8050221565731167,1600,1200,2435,1354,1090,0.8050221565731167,0.0,0.0,False,False
reddit,43,dirichlet,0.1,dirichlet_0.1,0,True,2115,1944,8045,7332,6996,0.9541734860883797,3117,1944,10049,7332,4833,0.6591653027823241,-0.2950081833060556,0.2950081833060556,False,False
reddit,43,dirichlet,0.1,dirichlet_0.1,1,False,1730,1365,5873,4579,4413,0.9637475431316881,1730,1365,5873,4579,4413,0.9637475431316881,0.0,0.0,False,False
reddit,43,dirichlet,0.1,dirichlet_0.1,2,False,1438,1098,6508,5499,4853,0.8825240952900527,1438,1098,6508,5499,4853,0.8825240952900527,0.0,0.0,False,False
reddit,43,dirichlet,0.1,dirichlet_0.1,3,False,1074,597,1721,745,601,0.8067114093959732,1074,597,1721,745,601,0.8067114093959732,0.0,0.0,False,False
reddit,43,dirichlet,0.1,dirichlet_0.1,4,False,1643,996,6392,4612,3895,0.8445359930615784,1643,996,6392,4612,3895,0.8445359930615784,0.0,0.0,False,False
reddit,43,dirichlet,0.5,dirichlet_0.5,0,True,1910,1469,4951,3132,2679,0.8553639846743295,2678,1469,6487,3132,1974,0.6302681992337165,-0.22509578544061304,0.22509578544061304,False,False
reddit,43,dirichlet,0.5,dirichlet_0.5,1,False,1643,1146,3594,2025,1709,0.8439506172839506,1643,1146,3594,2025,1709,0.8439506172839506,0.0,0.0,False,False
reddit,43,dirichlet,0.5,dirichlet_0.5,2,False,1030,721,2486,1713,1420,0.8289550496205488,1030,721,2486,1713,1420,0.8289550496205488,0.0,0.0,False,False
reddit,43,dirichlet,0.5,dirichlet_0.5,3,False,2062,1779,5574,4764,4152,0.871536523929471,2062,1779,5574,4764,4152,0.871536523929471,0.0,0.0,False,False
reddit,43,dirichlet,0.5,dirichlet_0.5,4,False,1355,885,3306,2239,2071,0.9249665029030817,1355,885,3306,2239,2071,0.9249665029030817,0.0,0.0,False,False
reddit,43,dirichlet,1.0,dirichlet_1.0,0,True,1565,1021,3358,1903,1653,0.8686284813452444,2141,1021,4510,1903,1168,0.6137677351550184,-0.25486074619022603,0.25486074619022603,False,False
reddit,43,dirichlet,1.0,dirichlet_1.0,1,False,1467,1186,2846,2152,1693,0.7867100371747212,1467,1186,2846,2152,1693,0.7867100371747212,0.0,0.0,False,False
reddit,43,dirichlet,1.0,dirichlet_1.0,2,False,1478,1010,3001,1716,1453,0.8467365967365967,1478,1010,3001,1716,1453,0.8467365967365967,0.0,0.0,False,False
reddit,43,dirichlet,1.0,dirichlet_1.0,3,False,1420,1069,2961,1752,1419,0.809931506849315,1420,1069,2961,1752,1419,0.809931506849315,0.0,0.0,False,False
reddit,43,dirichlet,1.0,dirichlet_1.0,4,False,2070,1714,5528,4187,3591,0.8576546453307857,2070,1714,5528,4187,3591,0.8576546453307857,0.0,0.0,False,False
reddit,44,iid,,iid,0,True,1600,1200,2555,1405,1054,0.7501779359430605,2281,1200,3917,1405,732,0.5209964412811388,-0.22918149466192173,0.22918149466192173,False,False
reddit,44,iid,,iid,1,False,1600,1200,2782,1545,1098,0.7106796116504854,1600,1200,2782,1545,1098,0.7106796116504854,0.0,0.0,False,False
reddit,44,iid,,iid,2,False,1600,1200,2726,1671,1225,0.7330939557151407,1600,1200,2726,1671,1225,0.7330939557151407,0.0,0.0,False,False
reddit,44,iid,,iid,3,False,1600,1200,2586,1590,1161,0.730188679245283,1600,1200,2586,1590,1161,0.730188679245283,0.0,0.0,False,False
reddit,44,iid,,iid,4,False,1600,1200,2673,1530,1184,0.7738562091503268,1600,1200,2673,1530,1184,0.7738562091503268,0.0,0.0,False,False
reddit,44,dirichlet,0.1,dirichlet_0.1,0,True,1644,1121,5730,3714,3114,0.8384491114701131,2316,1121,7074,3714,2087,0.5619278406031233,-0.27652127086698985,0.27652127086698985,False,False
reddit,44,dirichlet,0.1,dirichlet_0.1,1,False,1828,1291,5173,4003,3721,0.9295528353734699,1828,1291,5173,4003,3721,0.9295528353734699,0.0,0.0,False,False
reddit,44,dirichlet,0.1,dirichlet_0.1,2,False,1001,753,4294,2936,2497,0.8504768392370572,1001,753,4294,2936,2497,0.8504768392370572,0.0,0.0,False,False
reddit,44,dirichlet,0.1,dirichlet_0.1,3,False,1411,1151,4727,3768,3612,0.9585987261146497,1411,1151,4727,3768,3612,0.9585987261146497,0.0,0.0,False,False
reddit,44,dirichlet,0.1,dirichlet_0.1,4,False,2116,1684,9006,7412,7143,0.9637075013491635,2116,1684,9006,7412,7143,0.9637075013491635,0.0,0.0,False,False
reddit,44,dirichlet,0.5,dirichlet_0.5,0,True,1563,1281,2865,1925,1510,0.7844155844155845,2304,1281,4347,1925,1042,0.5412987012987013,-0.24311688311688318,0.24311688311688318,False,False
reddit,44,dirichlet,0.5,dirichlet_0.5,1,False,2210,1762,7061,5248,4351,0.829077743902439,2210,1762,7061,5248,4351,0.829077743902439,0.0,0.0,False,False
reddit,44,dirichlet,0.5,dirichlet_0.5,2,False,1090,720,1928,1177,986,0.8377230246389125,1090,720,1928,1177,986,0.8377230246389125,0.0,0.0,False,False
reddit,44,dirichlet,0.5,dirichlet_0.5,3,False,1568,1075,3494,2268,2062,0.9091710758377425,1568,1075,3494,2268,2062,0.9091710758377425,0.0,0.0,False,False
reddit,44,dirichlet,0.5,dirichlet_0.5,4,False,1569,1162,4362,3093,2804,0.9065632072421597,1569,1162,4362,3093,2804,0.9065632072421597,0.0,0.0,False,False
reddit,44,dirichlet,1.0,dirichlet_1.0,0,True,1649,1212,3468,2102,1766,0.840152235965747,2360,1212,4890,2102,1232,0.5861084681255947,-0.25404376784015226,0.25404376784015226,False,False
reddit,44,dirichlet,1.0,dirichlet_1.0,1,False,2027,1562,4565,2836,2324,0.8194640338504936,2027,1562,4565,2836,2324,0.8194640338504936,0.0,0.0,False,False
reddit,44,dirichlet,1.0,dirichlet_1.0,2,False,1231,835,2257,1330,1036,0.7789473684210526,1231,835,2257,1330,1036,0.7789473684210526,0.0,0.0,False,False
reddit,44,dirichlet,1.0,dirichlet_1.0,3,False,1296,1017,2394,1598,1236,0.7734668335419274,1296,1017,2394,1598,1236,0.7734668335419274,0.0,0.0,False,False
reddit,44,dirichlet,1.0,dirichlet_1.0,4,False,1797,1374,4161,2695,2176,0.8074211502782931,1797,1374,4161,2695,2176,0.8074211502782931,0.0,0.0,False,False
reddit,45,iid,,iid,0,True,1600,1200,2504,1564,1107,0.7078005115089514,2281,1200,3866,1564,764,0.4884910485933504,-0.219309462915601,0.219309462915601,False,False
reddit,45,iid,,iid,1,False,1600,1200,2501,1373,1089,0.7931536780772032,1600,1200,2501,1373,1089,0.7931536780772032,0.0,0.0,False,False
reddit,45,iid,,iid,2,False,1600,1200,2575,1465,1081,0.7378839590443687,1600,1200,2575,1465,1081,0.7378839590443687,0.0,0.0,False,False
reddit,45,iid,,iid,3,False,1600,1200,2727,1594,1139,0.7145545796737767,1600,1200,2727,1594,1139,0.7145545796737767,0.0,0.0,False,False
reddit,45,iid,,iid,4,False,1600,1200,2852,1541,1145,0.7430240103828682,1600,1200,2852,1541,1145,0.7430240103828682,0.0,0.0,False,False
reddit,45,dirichlet,0.1,dirichlet_0.1,0,True,1114,742,3749,2712,2509,0.9251474926253688,1561,742,4643,2712,1697,0.6257374631268436,-0.29941002949852513,0.29941002949852513,False,False
reddit,45,dirichlet,0.1,dirichlet_0.1,1,False,1865,1492,8754,7047,6019,0.8541223215552718,1865,1492,8754,7047,6019,0.8541223215552718,0.0,0.0,False,False
reddit,45,dirichlet,0.1,dirichlet_0.1,2,False,1479,971,3752,2494,2166,0.8684843624699278,1479,971,3752,2494,2166,0.8684843624699278,0.0,0.0,False,False
reddit,45,dirichlet,0.1,dirichlet_0.1,3,False,1487,1134,4298,3544,3201,0.9032167042889391,1487,1134,4298,3544,3201,0.9032167042889391,0.0,0.0,False,False
reddit,45,dirichlet,0.1,dirichlet_0.1,4,False,2055,1661,7895,6103,5699,0.9338030476814682,2055,1661,7895,6103,5699,0.9338030476814682,0.0,0.0,False,False
reddit,45,dirichlet,0.5,dirichlet_0.5,0,True,1822,1358,5222,3822,3049,0.7977498691784406,2638,1358,6854,3822,2136,0.5588697017268446,-0.23888016745159601,0.23888016745159601,False,False
reddit,45,dirichlet,0.5,dirichlet_0.5,1,False,1075,709,1849,1079,936,0.8674698795180723,1075,709,1849,1079,936,0.8674698795180723,0.0,0.0,False,False
reddit,45,dirichlet,0.5,dirichlet_0.5,2,False,1516,1054,4376,2723,2261,0.8303341902313625,1516,1054,4376,2723,2261,0.8303341902313625,0.0,0.0,False,False
reddit,45,dirichlet,0.5,dirichlet_0.5,3,False,2009,1638,5102,3818,3406,0.892090099528549,2009,1638,5102,3818,3406,0.892090099528549,0.0,0.0,False,False
reddit,45,dirichlet,0.5,dirichlet_0.5,4,False,1578,1241,3026,2136,1830,0.8567415730337079,1578,1241,3026,2136,1830,0.8567415730337079,0.0,0.0,False,False
reddit,45,dirichlet,1.0,dirichlet_1.0,0,True,1747,1337,4021,2826,2431,0.8602264685067232,2539,1337,5605,2826,1688,0.5973106864826611,-0.2629157820240622,0.2629157820240622,False,False
reddit,45,dirichlet,1.0,dirichlet_1.0,1,False,1677,1379,3698,2675,2126,0.7947663551401869,1677,1379,3698,2675,2126,0.7947663551401869,0.0,0.0,False,False
reddit,45,dirichlet,1.0,dirichlet_1.0,2,False,1387,992,2715,1566,1139,0.7273307790549169,1387,992,2715,1566,1139,0.7273307790549169,0.0,0.0,False,False
reddit,45,dirichlet,1.0,dirichlet_1.0,3,False,1308,847,2437,1320,1153,0.8734848484848485,1308,847,2437,1320,1153,0.8734848484848485,0.0,0.0,False,False
reddit,45,dirichlet,1.0,dirichlet_1.0,4,False,1881,1445,4383,3001,2552,0.850383205598134,1881,1445,4383,3001,2552,0.850383205598134,0.0,0.0,False,False
reddit,46,iid,,iid,0,True,1600,1200,2472,1398,1028,0.7353361945636624,2281,1200,3834,1398,729,0.5214592274678111,-0.21387696709585124,0.21387696709585124,False,False
reddit,46,iid,,iid,1,False,1600,1200,2780,1619,1181,0.7294626312538605,1600,1200,2780,1619,1181,0.7294626312538605,0.0,0.0,False,False
reddit,46,iid,,iid,2,False,1600,1200,2484,1385,1082,0.7812274368231047,1600,1200,2484,1385,1082,0.7812274368231047,0.0,0.0,False,False
reddit,46,iid,,iid,3,False,1600,1200,2827,1722,1241,0.7206736353077816,1600,1200,2827,1722,1241,0.7206736353077816,0.0,0.0,False,False
reddit,46,iid,,iid,4,False,1600,1200,2787,1614,1191,0.7379182156133829,1600,1200,2787,1614,1191,0.7379182156133829,0.0,0.0,False,False
reddit,46,dirichlet,0.1,dirichlet_0.1,0,True,1333,990,5160,4417,3962,0.8969889064976229,1870,990,6234,4417,2620,0.5931627801675345,-0.3038261263300883,0.3038261263300883,False,False
reddit,46,dirichlet,0.1,dirichlet_0.1,1,False,1362,1029,5512,4757,4466,0.9388269918015556,1362,1029,5512,4757,4466,0.9388269918015556,0.0,0.0,False,False
reddit,46,dirichlet,0.1,dirichlet_0.1,2,False,2197,1579,7479,4468,4247,0.9505371530886303,2197,1579,7479,4468,4247,0.9505371530886303,0.0,0.0,False,False
reddit,46,dirichlet,0.1,dirichlet_0.1,3,False,1879,1525,9374,7118,6577,0.923995504355156,1879,1525,9374,7118,6577,0.923995504355156,0.0,0.0,False,False
reddit,46,dirichlet,0.1,dirichlet_0.1,4,False,1229,877,3781,2944,2590,0.8797554347826086,1229,877,3781,2944,2590,0.8797554347826086,0.0,0.0,False,False
reddit,46,dirichlet,0.5,dirichlet_0.5,0,True,1915,1477,5140,3804,3393,0.8919558359621451,2740,1477,6790,3804,2257,0.593322818086225,-0.2986330178759201,0.2986330178759201,False,False
reddit,46,dirichlet,0.5,dirichlet_0.5,1,False,1533,1035,3542,2041,1812,0.8878000979911808,1533,1035,3542,2041,1812,0.8878000979911808,0.0,0.0,False,False
reddit,46,dirichlet,0.5,dirichlet_0.5,2,False,1285,998,2336,1725,1353,0.7843478260869565,1285,998,2336,1725,1353,0.7843478260869565,0.0,0.0,False,False
reddit,46,dirichlet,0.5,dirichlet_0.5,3,False,1459,1068,4106,2861,2513,0.8783642083187697,1459,1068,4106,2861,2513,0.8783642083187697,0.0,0.0,False,False
reddit,46,dirichlet,0.5,dirichlet_0.5,4,False,1808,1422,4874,3845,3376,0.8780234070221067,1808,1422,4874,3845,3376,0.8780234070221067,0.0,0.0,False,False
reddit,46,dirichlet,1.0,dirichlet_1.0,0,True,1759,1271,4371,2507,2050,0.817710410849621,2464,1271,5781,2507,1490,0.5943358595931392,-0.22337455125648187,0.22337455125648187,False,False
reddit,46,dirichlet,1.0,dirichlet_1.0,1,False,1643,1325,2686,1936,1608,0.8305785123966942,1643,1325,2686,1936,1608,0.8305785123966942,0.0,0.0,False,False
reddit,46,dirichlet,1.0,dirichlet_1.0,2,False,1598,1223,3591,2393,1849,0.7726702883409946,1598,1223,3591,2393,1849,0.7726702883409946,0.0,0.0,False,False
reddit,46,dirichlet,1.0,dirichlet_1.0,3,False,1422,1049,2748,1747,1469,0.840870062965083,1422,1049,2748,1747,1469,0.840870062965083,0.0,0.0,False,False
reddit,46,dirichlet,1.0,dirichlet_1.0,4,False,1578,1132,4031,2664,2306,0.8656156156156156,1578,1132,4031,2664,2306,0.8656156156156156,0.0,0.0,False,False
