dataset,seed,partition_strategy,dirichlet_alpha,partition_condition,policy,malicious_raw_drift,malicious_std_drift,max_benign_std_drift,median_benign_std_drift,malicious_rank,separation_ratio,spearman_corr_with_policy_A,client_0_std_drift,client_1_std_drift,client_2_std_drift,client_3_std_drift,client_4_std_drift,homophily_scale_raw,homophily_scale_effective
cora,42,iid,,iid,Policy_A_6D,0.18814124120949238,4.551914526422648,0.0,0.0,1,1000000000.0,1.0,4.551914526422648,0.0,0.0,0.0,0.0,0.4000000000000001,0.4000000000000001
cora,42,iid,,iid,Policy_B_5D,0.18814124120949238,4.551914526422648,0.0,0.0,1,1000000000.0,1.0,4.551914526422648,0.0,0.0,0.0,0.0,0.4000000000000001,0.4000000000000001
cora,42,iid,,iid,Policy_C_th1,0.18814124120949238,4.551914526422648,0.0,0.0,1,1000000000.0,1.0,4.551914526422648,0.0,0.0,0.0,0.0,0.4000000000000001,0.4000000000000001
cora,42,iid,,iid,Policy_C_th3,0.18814124120949238,4.551914526422648,0.0,0.0,1,1000000000.0,1.0,4.551914526422648,0.0,0.0,0.0,0.0,0.4000000000000001,0.4000000000000001
cora,42,iid,,iid,Policy_C_th5,0.18814124120949238,4.551914526422648,0.0,0.0,1,1000000000.0,1.0,4.551914526422648,0.0,0.0,0.0,0.0,0.4000000000000001,0.4000000000000001
cora,42,iid,,iid,Policy_C_th10,0.18814124120949238,4.551914526422648,0.0,0.0,1,1000000000.0,1.0,4.551914526422648,0.0,0.0,0.0,0.0,0.4000000000000001,0.4000000000000001
cora,42,dirichlet,0.1,dirichlet_0.1,Policy_A_6D,0.5435363420601129,2.1381788833243833,0.0,0.0,1,1000000000.0,1.0,2.1381788833243833,0.0,0.0,0.0,0.0,0.3872983346207417,0.3872983346207417
cora,42,dirichlet,0.1,dirichlet_0.1,Policy_B_5D,0.21314726162934414,1.704447790466942,0.0,0.0,1,1000000000.0,1.0,1.704447790466942,0.0,0.0,0.0,0.0,0.3872983346207417,0.3872983346207417
cora,42,dirichlet,0.1,dirichlet_0.1,Policy_C_th1,0.5435363420601129,2.1381788833243833,0.0,0.0,1,1000000000.0,1.0,2.1381788833243833,0.0,0.0,0.0,0.0,0.3872983346207417,0.3872983346207417
cora,42,dirichlet,0.1,dirichlet_0.1,Policy_C_th3,0.5435363420601129,2.1381788833243833,0.0,0.0,1,1000000000.0,1.0,2.1381788833243833,0.0,0.0,0.0,0.0,0.3872983346207417,0.3872983346207417
cora,42,dirichlet,0.1,dirichlet_0.1,Policy_C_th5,0.21314726162934414,1.704447790466942,0.0,0.0,1,1000000000.0,1.0,1.704447790466942,0.0,0.0,0.0,0.0,0.3872983346207417,0.3872983346207417
cora,42,dirichlet,0.1,dirichlet_0.1,Policy_C_th10,0.21314726162934414,1.704447790466942,0.0,0.0,1,1000000000.0,1.0,1.704447790466942,0.0,0.0,0.0,0.0,0.3872983346207417,0.3872983346207417
cora,42,dirichlet,0.5,dirichlet_0.5,Policy_A_6D,0.32159816794821444,3.8752342880347403,0.0,0.0,1,1000000000.0,1.0,3.8752342880347403,0.0,0.0,0.0,0.0,0.44899888641287294,0.44899888641287294
cora,42,dirichlet,0.5,dirichlet_0.5,Policy_B_5D,0.251843962857258,3.8495490760279214,0.0,0.0,1,1000000000.0,1.0,3.8495490760279214,0.0,0.0,0.0,0.0,0.44899888641287294,0.44899888641287294
cora,42,dirichlet,0.5,dirichlet_0.5,Policy_C_th1,0.32159816794821444,3.8752342880347403,0.0,0.0,1,1000000000.0,1.0,3.8752342880347403,0.0,0.0,0.0,0.0,0.44899888641287294,0.44899888641287294
cora,42,dirichlet,0.5,dirichlet_0.5,Policy_C_th3,0.32159816794821444,3.8752342880347403,0.0,0.0,1,1000000000.0,1.0,3.8752342880347403,0.0,0.0,0.0,0.0,0.44899888641287294,0.44899888641287294
cora,42,dirichlet,0.5,dirichlet_0.5,Policy_C_th5,0.32159816794821444,3.8752342880347403,0.0,0.0,1,1000000000.0,1.0,3.8752342880347403,0.0,0.0,0.0,0.0,0.44899888641287294,0.44899888641287294
cora,42,dirichlet,0.5,dirichlet_0.5,Policy_C_th10,0.251843962857258,3.8495490760279214,0.0,0.0,1,1000000000.0,1.0,3.8495490760279214,0.0,0.0,0.0,0.0,0.44899888641287294,0.44899888641287294
cora,42,dirichlet,1.0,dirichlet_1.0,Policy_A_6D,0.2768393010306282,1.665743454006006,0.0,0.0,1,1000000000.0,1.0,1.665743454006006,0.0,0.0,0.0,0.0,0.48989794855663565,0.48989794855663565
cora,42,dirichlet,1.0,dirichlet_1.0,Policy_B_5D,0.2768393010306282,1.665743454006006,0.0,0.0,1,1000000000.0,1.0,1.665743454006006,0.0,0.0,0.0,0.0,0.48989794855663565,0.48989794855663565
cora,42,dirichlet,1.0,dirichlet_1.0,Policy_C_th1,0.2768393010306282,1.665743454006006,0.0,0.0,1,1000000000.0,1.0,1.665743454006006,0.0,0.0,0.0,0.0,0.48989794855663565,0.48989794855663565
cora,42,dirichlet,1.0,dirichlet_1.0,Policy_C_th3,0.2768393010306282,1.665743454006006,0.0,0.0,1,1000000000.0,1.0,1.665743454006006,0.0,0.0,0.0,0.0,0.48989794855663565,0.48989794855663565
cora,42,dirichlet,1.0,dirichlet_1.0,Policy_C_th5,0.2768393010306282,1.665743454006006,0.0,0.0,1,1000000000.0,1.0,1.665743454006006,0.0,0.0,0.0,0.0,0.48989794855663565,0.48989794855663565
cora,42,dirichlet,1.0,dirichlet_1.0,Policy_C_th10,0.2768393010306282,1.665743454006006,0.0,0.0,1,1000000000.0,1.0,1.665743454006006,0.0,0.0,0.0,0.0,0.48989794855663565,0.48989794855663565
cora,43,iid,,iid,Policy_A_6D,0.26450059662348147,5.584215788343249,0.0,0.0,1,1000000000.0,1.0,5.584215788343249,0.0,0.0,0.0,0.0,0.48989794855663565,0.48989794855663565
cora,43,iid,,iid,Policy_B_5D,0.26450059662348147,5.584215788343249,0.0,0.0,1,1000000000.0,1.0,5.584215788343249,0.0,0.0,0.0,0.0,0.48989794855663565,0.48989794855663565
cora,43,iid,,iid,Policy_C_th1,0.26450059662348147,5.584215788343249,0.0,0.0,1,1000000000.0,1.0,5.584215788343249,0.0,0.0,0.0,0.0,0.48989794855663565,0.48989794855663565
cora,43,iid,,iid,Policy_C_th3,0.26450059662348147,5.584215788343249,0.0,0.0,1,1000000000.0,1.0,5.584215788343249,0.0,0.0,0.0,0.0,0.48989794855663565,0.48989794855663565
cora,43,iid,,iid,Policy_C_th5,0.26450059662348147,5.584215788343249,0.0,0.0,1,1000000000.0,1.0,5.584215788343249,0.0,0.0,0.0,0.0,0.48989794855663565,0.48989794855663565
cora,43,iid,,iid,Policy_C_th10,0.26450059662348147,5.584215788343249,0.0,0.0,1,1000000000.0,1.0,5.584215788343249,0.0,0.0,0.0,0.0,0.48989794855663565,0.48989794855663565
cora,43,dirichlet,0.1,dirichlet_0.1,Policy_A_6D,0.053808295325360134,0.29306575287906445,0.0,0.0,1,1000000000.0,1.0,0.29306575287906445,0.0,0.0,0.0,0.0,0.48989794855663565,0.48989794855663565
cora,43,dirichlet,0.1,dirichlet_0.1,Policy_B_5D,0.053808295325360134,0.29306575287906445,0.0,0.0,1,1000000000.0,1.0,0.29306575287906445,0.0,0.0,0.0,0.0,0.48989794855663565,0.48989794855663565
cora,43,dirichlet,0.1,dirichlet_0.1,Policy_C_th1,0.053808295325360134,0.29306575287906445,0.0,0.0,1,1000000000.0,1.0,0.29306575287906445,0.0,0.0,0.0,0.0,0.48989794855663565,0.48989794855663565
cora,43,dirichlet,0.1,dirichlet_0.1,Policy_C_th3,0.053808295325360134,0.29306575287906445,0.0,0.0,1,1000000000.0,1.0,0.29306575287906445,0.0,0.0,0.0,0.0,0.48989794855663565,0.48989794855663565
cora,43,dirichlet,0.1,dirichlet_0.1,Policy_C_th5,0.053808295325360134,0.29306575287906445,0.0,0.0,1,1000000000.0,1.0,0.29306575287906445,0.0,0.0,0.0,0.0,0.48989794855663565,0.48989794855663565
cora,43,dirichlet,0.1,dirichlet_0.1,Policy_C_th10,0.053808295325360134,0.29306575287906445,0.0,0.0,1,1000000000.0,1.0,0.29306575287906445,0.0,0.0,0.0,0.0,0.48989794855663565,0.48989794855663565
cora,43,dirichlet,0.5,dirichlet_0.5,Policy_A_6D,0.2296185756302872,1.933320971308054,0.0,0.0,1,1000000000.0,1.0,1.933320971308054,0.0,0.0,0.0,0.0,0.4000000000000001,0.4000000000000001
cora,43,dirichlet,0.5,dirichlet_0.5,Policy_B_5D,0.2296185756302872,1.933320971308054,0.0,0.0,1,1000000000.0,1.0,1.933320971308054,0.0,0.0,0.0,0.0,0.4000000000000001,0.4000000000000001
cora,43,dirichlet,0.5,dirichlet_0.5,Policy_C_th1,0.2296185756302872,1.933320971308054,0.0,0.0,1,1000000000.0,1.0,1.933320971308054,0.0,0.0,0.0,0.0,0.4000000000000001,0.4000000000000001
cora,43,dirichlet,0.5,dirichlet_0.5,Policy_C_th3,0.2296185756302872,1.933320971308054,0.0,0.0,1,1000000000.0,1.0,1.933320971308054,0.0,0.0,0.0,0.0,0.4000000000000001,0.4000000000000001
cora,43,dirichlet,0.5,dirichlet_0.5,Policy_C_th5,0.2296185756302872,1.933320971308054,0.0,0.0,1,1000000000.0,1.0,1.933320971308054,0.0,0.0,0.0,0.0,0.4000000000000001,0.4000000000000001
cora,43,dirichlet,0.5,dirichlet_0.5,Policy_C_th10,0.2296185756302872,1.933320971308054,0.0,0.0,1,1000000000.0,1.0,1.933320971308054,0.0,0.0,0.0,0.0,0.4000000000000001,0.4000000000000001
cora,43,dirichlet,1.0,dirichlet_1.0,Policy_A_6D,1.2855395777368872,5.357810782253487,0.0,0.0,1,1000000000.0,1.0,5.357810782253487,0.0,0.0,0.0,0.0,0.4472135954999579,0.4472135954999579
cora,43,dirichlet,1.0,dirichlet_1.0,Policy_B_5D,1.1843192162284348,5.239860339592242,0.0,0.0,1,1000000000.0,1.0,5.239860339592242,0.0,0.0,0.0,0.0,0.4472135954999579,0.4472135954999579
cora,43,dirichlet,1.0,dirichlet_1.0,Policy_C_th1,1.2855395777368872,5.357810782253487,0.0,0.0,1,1000000000.0,1.0,5.357810782253487,0.0,0.0,0.0,0.0,0.4472135954999579,0.4472135954999579
cora,43,dirichlet,1.0,dirichlet_1.0,Policy_C_th3,1.1843192162284348,5.239860339592242,0.0,0.0,1,1000000000.0,1.0,5.239860339592242,0.0,0.0,0.0,0.0,0.4472135954999579,0.4472135954999579
cora,43,dirichlet,1.0,dirichlet_1.0,Policy_C_th5,1.1843192162284348,5.239860339592242,0.0,0.0,1,1000000000.0,1.0,5.239860339592242,0.0,0.0,0.0,0.0,0.4472135954999579,0.4472135954999579
cora,43,dirichlet,1.0,dirichlet_1.0,Policy_C_th10,1.1843192162284348,5.239860339592242,0.0,0.0,1,1000000000.0,1.0,5.239860339592242,0.0,0.0,0.0,0.0,0.4472135954999579,0.4472135954999579
cora,44,iid,,iid,Policy_A_6D,0.45483880138357896,4.545417253936296,0.0,0.0,1,1000000000.0,1.0,4.545417253936296,0.0,0.0,0.0,0.0,0.48989794855663565,0.48989794855663565
cora,44,iid,,iid,Policy_B_5D,0.45483880138357896,4.545417253936296,0.0,0.0,1,1000000000.0,1.0,4.545417253936296,0.0,0.0,0.0,0.0,0.48989794855663565,0.48989794855663565
cora,44,iid,,iid,Policy_C_th1,0.45483880138357896,4.545417253936296,0.0,0.0,1,1000000000.0,1.0,4.545417253936296,0.0,0.0,0.0,0.0,0.48989794855663565,0.48989794855663565
cora,44,iid,,iid,Policy_C_th3,0.45483880138357896,4.545417253936296,0.0,0.0,1,1000000000.0,1.0,4.545417253936296,0.0,0.0,0.0,0.0,0.48989794855663565,0.48989794855663565
cora,44,iid,,iid,Policy_C_th5,0.45483880138357896,4.545417253936296,0.0,0.0,1,1000000000.0,1.0,4.545417253936296,0.0,0.0,0.0,0.0,0.48989794855663565,0.48989794855663565
cora,44,iid,,iid,Policy_C_th10,0.45483880138357896,4.545417253936296,0.0,0.0,1,1000000000.0,1.0,4.545417253936296,0.0,0.0,0.0,0.0,0.48989794855663565,0.48989794855663565
cora,44,dirichlet,0.1,dirichlet_0.1,Policy_A_6D,0.5343148476919697,3.8825436219068687,0.0,0.0,1,1000000000.0,1.0,3.8825436219068687,0.0,0.0,0.0,0.0,0.4472135954999579,0.4472135954999579
cora,44,dirichlet,0.1,dirichlet_0.1,Policy_B_5D,0.1883941518840029,3.7180835084771435,0.0,0.0,1,1000000000.0,1.0,3.7180835084771435,0.0,0.0,0.0,0.0,0.4472135954999579,0.4472135954999579
cora,44,dirichlet,0.1,dirichlet_0.1,Policy_C_th1,0.5343148476919697,3.8825436219068687,0.0,0.0,1,1000000000.0,1.0,3.8825436219068687,0.0,0.0,0.0,0.0,0.4472135954999579,0.4472135954999579
cora,44,dirichlet,0.1,dirichlet_0.1,Policy_C_th3,0.5343148476919697,3.8825436219068687,0.0,0.0,1,1000000000.0,1.0,3.8825436219068687,0.0,0.0,0.0,0.0,0.4472135954999579,0.4472135954999579
cora,44,dirichlet,0.1,dirichlet_0.1,Policy_C_th5,0.1883941518840029,3.7180835084771435,0.0,0.0,1,1000000000.0,1.0,3.7180835084771435,0.0,0.0,0.0,0.0,0.4472135954999579,0.4472135954999579
cora,44,dirichlet,0.1,dirichlet_0.1,Policy_C_th10,0.1883941518840029,3.7180835084771435,0.0,0.0,1,1000000000.0,1.0,3.7180835084771435,0.0,0.0,0.0,0.0,0.4472135954999579,0.4472135954999579
cora,44,dirichlet,0.5,dirichlet_0.5,Policy_A_6D,0.3436396134041667,1.143411853627985,0.0,0.0,1,1000000000.0,1.0,1.143411853627985,0.0,0.0,0.0,0.0,0.39999999999999997,0.39999999999999997
cora,44,dirichlet,0.5,dirichlet_0.5,Policy_B_5D,0.3436396134041667,1.143411853627985,0.0,0.0,1,1000000000.0,1.0,1.143411853627985,0.0,0.0,0.0,0.0,0.39999999999999997,0.39999999999999997
cora,44,dirichlet,0.5,dirichlet_0.5,Policy_C_th1,0.3436396134041667,1.143411853627985,0.0,0.0,1,1000000000.0,1.0,1.143411853627985,0.0,0.0,0.0,0.0,0.39999999999999997,0.39999999999999997
cora,44,dirichlet,0.5,dirichlet_0.5,Policy_C_th3,0.3436396134041667,1.143411853627985,0.0,0.0,1,1000000000.0,1.0,1.143411853627985,0.0,0.0,0.0,0.0,0.39999999999999997,0.39999999999999997
cora,44,dirichlet,0.5,dirichlet_0.5,Policy_C_th5,0.3436396134041667,1.143411853627985,0.0,0.0,1,1000000000.0,1.0,1.143411853627985,0.0,0.0,0.0,0.0,0.39999999999999997,0.39999999999999997
cora,44,dirichlet,0.5,dirichlet_0.5,Policy_C_th10,0.3436396134041667,1.143411853627985,0.0,0.0,1,1000000000.0,1.0,1.143411853627985,0.0,0.0,0.0,0.0,0.39999999999999997,0.39999999999999997
cora,44,dirichlet,1.0,dirichlet_1.0,Policy_A_6D,1.0237660447920416,3.3258712239839547,0.0,0.0,1,1000000000.0,1.0,3.3258712239839547,0.0,0.0,0.0,0.0,0.38873012632302,0.38873012632302
cora,44,dirichlet,1.0,dirichlet_1.0,Policy_B_5D,0.21931008747693365,2.108025697115905,0.0,0.0,1,1000000000.0,1.0,2.108025697115905,0.0,0.0,0.0,0.0,0.38873012632302,0.38873012632302
cora,44,dirichlet,1.0,dirichlet_1.0,Policy_C_th1,1.0237660447920416,3.3258712239839547,0.0,0.0,1,1000000000.0,1.0,3.3258712239839547,0.0,0.0,0.0,0.0,0.38873012632302,0.38873012632302
cora,44,dirichlet,1.0,dirichlet_1.0,Policy_C_th3,0.21931008747693365,2.108025697115905,0.0,0.0,1,1000000000.0,1.0,2.108025697115905,0.0,0.0,0.0,0.0,0.38873012632302,0.38873012632302
cora,44,dirichlet,1.0,dirichlet_1.0,Policy_C_th5,0.21931008747693365,2.108025697115905,0.0,0.0,1,1000000000.0,1.0,2.108025697115905,0.0,0.0,0.0,0.0,0.38873012632302,0.38873012632302
cora,44,dirichlet,1.0,dirichlet_1.0,Policy_C_th10,0.21931008747693365,2.108025697115905,0.0,0.0,1,1000000000.0,1.0,2.108025697115905,0.0,0.0,0.0,0.0,0.38873012632302,0.38873012632302
cora,45,iid,,iid,Policy_A_6D,0.19626217856229972,5.228732225741521,0.0,0.0,1,1000000000.0,1.0,5.228732225741521,0.0,0.0,0.0,0.0,0.48989794855663565,0.48989794855663565
cora,45,iid,,iid,Policy_B_5D,0.19626217856229972,5.228732225741521,0.0,0.0,1,1000000000.0,1.0,5.228732225741521,0.0,0.0,0.0,0.0,0.48989794855663565,0.48989794855663565
cora,45,iid,,iid,Policy_C_th1,0.19626217856229972,5.228732225741521,0.0,0.0,1,1000000000.0,1.0,5.228732225741521,0.0,0.0,0.0,0.0,0.48989794855663565,0.48989794855663565
cora,45,iid,,iid,Policy_C_th3,0.19626217856229972,5.228732225741521,0.0,0.0,1,1000000000.0,1.0,5.228732225741521,0.0,0.0,0.0,0.0,0.48989794855663565,0.48989794855663565
cora,45,iid,,iid,Policy_C_th5,0.19626217856229972,5.228732225741521,0.0,0.0,1,1000000000.0,1.0,5.228732225741521,0.0,0.0,0.0,0.0,0.48989794855663565,0.48989794855663565
cora,45,iid,,iid,Policy_C_th10,0.19626217856229972,5.228732225741521,0.0,0.0,1,1000000000.0,1.0,5.228732225741521,0.0,0.0,0.0,0.0,0.48989794855663565,0.48989794855663565
cora,45,dirichlet,0.1,dirichlet_0.1,Policy_A_6D,0.06546466052687754,0.3384047520239801,0.0,0.0,1,1000000000.0,1.0,0.3384047520239801,0.0,0.0,0.0,0.0,0.48989794855663565,0.48989794855663565
cora,45,dirichlet,0.1,dirichlet_0.1,Policy_B_5D,0.06546466052687754,0.3384047520239801,0.0,0.0,1,1000000000.0,1.0,0.3384047520239801,0.0,0.0,0.0,0.0,0.48989794855663565,0.48989794855663565
cora,45,dirichlet,0.1,dirichlet_0.1,Policy_C_th1,0.06546466052687754,0.3384047520239801,0.0,0.0,1,1000000000.0,1.0,0.3384047520239801,0.0,0.0,0.0,0.0,0.48989794855663565,0.48989794855663565
cora,45,dirichlet,0.1,dirichlet_0.1,Policy_C_th3,0.06546466052687754,0.3384047520239801,0.0,0.0,1,1000000000.0,1.0,0.3384047520239801,0.0,0.0,0.0,0.0,0.48989794855663565,0.48989794855663565
cora,45,dirichlet,0.1,dirichlet_0.1,Policy_C_th5,0.06546466052687754,0.3384047520239801,0.0,0.0,1,1000000000.0,1.0,0.3384047520239801,0.0,0.0,0.0,0.0,0.48989794855663565,0.48989794855663565
cora,45,dirichlet,0.1,dirichlet_0.1,Policy_C_th10,0.06546466052687754,0.3384047520239801,0.0,0.0,1,1000000000.0,1.0,0.3384047520239801,0.0,0.0,0.0,0.0,0.48989794855663565,0.48989794855663565
cora,45,dirichlet,0.5,dirichlet_0.5,Policy_A_6D,0.10661338932238744,1.3512990725649594,0.0,0.0,1,1000000000.0,1.0,1.3512990725649594,0.0,0.0,0.0,0.0,0.4472135954999579,0.4472135954999579
cora,45,dirichlet,0.5,dirichlet_0.5,Policy_B_5D,0.10661338932238744,1.3512990725649594,0.0,0.0,1,1000000000.0,1.0,1.3512990725649594,0.0,0.0,0.0,0.0,0.4472135954999579,0.4472135954999579
cora,45,dirichlet,0.5,dirichlet_0.5,Policy_C_th1,0.10661338932238744,1.3512990725649594,0.0,0.0,1,1000000000.0,1.0,1.3512990725649594,0.0,0.0,0.0,0.0,0.4472135954999579,0.4472135954999579
cora,45,dirichlet,0.5,dirichlet_0.5,Policy_C_th3,0.10661338932238744,1.3512990725649594,0.0,0.0,1,1000000000.0,1.0,1.3512990725649594,0.0,0.0,0.0,0.0,0.4472135954999579,0.4472135954999579
cora,45,dirichlet,0.5,dirichlet_0.5,Policy_C_th5,0.10661338932238744,1.3512990725649594,0.0,0.0,1,1000000000.0,1.0,1.3512990725649594,0.0,0.0,0.0,0.0,0.4472135954999579,0.4472135954999579
cora,45,dirichlet,0.5,dirichlet_0.5,Policy_C_th10,0.10661338932238744,1.3512990725649594,0.0,0.0,1,1000000000.0,1.0,1.3512990725649594,0.0,0.0,0.0,0.0,0.4472135954999579,0.4472135954999579
cora,45,dirichlet,1.0,dirichlet_1.0,Policy_A_6D,1.0263911907221759,6.142604308741452,0.0,0.0,1,1000000000.0,1.0,6.142604308741452,0.0,0.0,0.0,0.0,0.48989794855663565,0.48989794855663565
cora,45,dirichlet,1.0,dirichlet_1.0,Policy_B_5D,0.23125500295579743,5.7935240594220705,0.0,0.0,1,1000000000.0,1.0,5.7935240594220705,0.0,0.0,0.0,0.0,0.48989794855663565,0.48989794855663565
cora,45,dirichlet,1.0,dirichlet_1.0,Policy_C_th1,1.0263911907221759,6.142604308741452,0.0,0.0,1,1000000000.0,1.0,6.142604308741452,0.0,0.0,0.0,0.0,0.48989794855663565,0.48989794855663565
cora,45,dirichlet,1.0,dirichlet_1.0,Policy_C_th3,0.23125500295579743,5.7935240594220705,0.0,0.0,1,1000000000.0,1.0,5.7935240594220705,0.0,0.0,0.0,0.0,0.48989794855663565,0.48989794855663565
cora,45,dirichlet,1.0,dirichlet_1.0,Policy_C_th5,0.23125500295579743,5.7935240594220705,0.0,0.0,1,1000000000.0,1.0,5.7935240594220705,0.0,0.0,0.0,0.0,0.48989794855663565,0.48989794855663565
cora,45,dirichlet,1.0,dirichlet_1.0,Policy_C_th10,0.23125500295579743,5.7935240594220705,0.0,0.0,1,1000000000.0,1.0,5.7935240594220705,0.0,0.0,0.0,0.0,0.48989794855663565,0.48989794855663565
cora,46,iid,,iid,Policy_A_6D,0.6803082251818973,5.377471551831487,0.0,0.0,1,1000000000.0,1.0,5.377471551831487,0.0,0.0,0.0,0.0,0.4,0.4
cora,46,iid,,iid,Policy_B_5D,0.6803082251818973,5.377471551831487,0.0,0.0,1,1000000000.0,1.0,5.377471551831487,0.0,0.0,0.0,0.0,0.4,0.4
cora,46,iid,,iid,Policy_C_th1,0.6803082251818973,5.377471551831487,0.0,0.0,1,1000000000.0,1.0,5.377471551831487,0.0,0.0,0.0,0.0,0.4,0.4
cora,46,iid,,iid,Policy_C_th3,0.6803082251818973,5.377471551831487,0.0,0.0,1,1000000000.0,1.0,5.377471551831487,0.0,0.0,0.0,0.0,0.4,0.4
cora,46,iid,,iid,Policy_C_th5,0.6803082251818973,5.377471551831487,0.0,0.0,1,1000000000.0,1.0,5.377471551831487,0.0,0.0,0.0,0.0,0.4,0.4
cora,46,iid,,iid,Policy_C_th10,0.6803082251818973,5.377471551831487,0.0,0.0,1,1000000000.0,1.0,5.377471551831487,0.0,0.0,0.0,0.0,0.4,0.4
cora,46,dirichlet,0.1,dirichlet_0.1,Policy_A_6D,0.04140783665870193,0.14555780002350677,0.0,0.0,1,1000000000.0,1.0,0.14555780002350677,0.0,0.0,0.0,0.0,0.48989794855663565,0.48989794855663565
cora,46,dirichlet,0.1,dirichlet_0.1,Policy_B_5D,0.04140783665870193,0.14555780002350677,0.0,0.0,1,1000000000.0,1.0,0.14555780002350677,0.0,0.0,0.0,0.0,0.48989794855663565,0.48989794855663565
cora,46,dirichlet,0.1,dirichlet_0.1,Policy_C_th1,0.04140783665870193,0.14555780002350677,0.0,0.0,1,1000000000.0,1.0,0.14555780002350677,0.0,0.0,0.0,0.0,0.48989794855663565,0.48989794855663565
cora,46,dirichlet,0.1,dirichlet_0.1,Policy_C_th3,0.04140783665870193,0.14555780002350677,0.0,0.0,1,1000000000.0,1.0,0.14555780002350677,0.0,0.0,0.0,0.0,0.48989794855663565,0.48989794855663565
cora,46,dirichlet,0.1,dirichlet_0.1,Policy_C_th5,0.04140783665870193,0.14555780002350677,0.0,0.0,1,1000000000.0,1.0,0.14555780002350677,0.0,0.0,0.0,0.0,0.48989794855663565,0.48989794855663565
cora,46,dirichlet,0.1,dirichlet_0.1,Policy_C_th10,0.04140783665870193,0.14555780002350677,0.0,0.0,1,1000000000.0,1.0,0.14555780002350677,0.0,0.0,0.0,0.0,0.48989794855663565,0.48989794855663565
cora,46,dirichlet,0.5,dirichlet_0.5,Policy_A_6D,0.0954831744494363,0.9477590054280349,0.0,0.0,1,1000000000.0,1.0,0.9477590054280349,0.0,0.0,0.0,0.0,0.4472135954999579,0.4472135954999579
cora,46,dirichlet,0.5,dirichlet_0.5,Policy_B_5D,0.0954831744494363,0.9477590054280349,0.0,0.0,1,1000000000.0,1.0,0.9477590054280349,0.0,0.0,0.0,0.0,0.4472135954999579,0.4472135954999579
cora,46,dirichlet,0.5,dirichlet_0.5,Policy_C_th1,0.0954831744494363,0.9477590054280349,0.0,0.0,1,1000000000.0,1.0,0.9477590054280349,0.0,0.0,0.0,0.0,0.4472135954999579,0.4472135954999579
cora,46,dirichlet,0.5,dirichlet_0.5,Policy_C_th3,0.0954831744494363,0.9477590054280349,0.0,0.0,1,1000000000.0,1.0,0.9477590054280349,0.0,0.0,0.0,0.0,0.4472135954999579,0.4472135954999579
cora,46,dirichlet,0.5,dirichlet_0.5,Policy_C_th5,0.0954831744494363,0.9477590054280349,0.0,0.0,1,1000000000.0,1.0,0.9477590054280349,0.0,0.0,0.0,0.0,0.4472135954999579,0.4472135954999579
cora,46,dirichlet,0.5,dirichlet_0.5,Policy_C_th10,0.0954831744494363,0.9477590054280349,0.0,0.0,1,1000000000.0,1.0,0.9477590054280349,0.0,0.0,0.0,0.0,0.4472135954999579,0.4472135954999579
cora,46,dirichlet,1.0,dirichlet_1.0,Policy_A_6D,0.18761016545016257,1.3655506841393306,0.0,0.0,1,1000000000.0,1.0,1.3655506841393306,0.0,0.0,0.0,0.0,0.48989794855663565,0.48989794855663565
cora,46,dirichlet,1.0,dirichlet_1.0,Policy_B_5D,0.18761016545016257,1.3655506841393306,0.0,0.0,1,1000000000.0,1.0,1.3655506841393306,0.0,0.0,0.0,0.0,0.48989794855663565,0.48989794855663565
cora,46,dirichlet,1.0,dirichlet_1.0,Policy_C_th1,0.18761016545016257,1.3655506841393306,0.0,0.0,1,1000000000.0,1.0,1.3655506841393306,0.0,0.0,0.0,0.0,0.48989794855663565,0.48989794855663565
cora,46,dirichlet,1.0,dirichlet_1.0,Policy_C_th3,0.18761016545016257,1.3655506841393306,0.0,0.0,1,1000000000.0,1.0,1.3655506841393306,0.0,0.0,0.0,0.0,0.48989794855663565,0.48989794855663565
cora,46,dirichlet,1.0,dirichlet_1.0,Policy_C_th5,0.18761016545016257,1.3655506841393306,0.0,0.0,1,1000000000.0,1.0,1.3655506841393306,0.0,0.0,0.0,0.0,0.48989794855663565,0.48989794855663565
cora,46,dirichlet,1.0,dirichlet_1.0,Policy_C_th10,0.18761016545016257,1.3655506841393306,0.0,0.0,1,1000000000.0,1.0,1.3655506841393306,0.0,0.0,0.0,0.0,0.48989794855663565,0.48989794855663565
pubmed,42,iid,,iid,Policy_A_6D,0.027765483978552868,1.4195487155731032,0.0,0.0,1,1000000000.0,1.0,1.4195487155731032,0.0,0.0,0.0,0.0,0.0,1.0
pubmed,42,iid,,iid,Policy_B_5D,0.027765483978552868,1.4195487155731032,0.0,0.0,1,1000000000.0,1.0,1.4195487155731032,0.0,0.0,0.0,0.0,0.0,1.0
pubmed,42,iid,,iid,Policy_C_th1,0.027765483978552868,1.4195487155731032,0.0,0.0,1,1000000000.0,1.0,1.4195487155731032,0.0,0.0,0.0,0.0,0.0,1.0
pubmed,42,iid,,iid,Policy_C_th3,0.027765483978552868,1.4195487155731032,0.0,0.0,1,1000000000.0,1.0,1.4195487155731032,0.0,0.0,0.0,0.0,0.0,1.0
pubmed,42,iid,,iid,Policy_C_th5,0.027765483978552868,1.4195487155731032,0.0,0.0,1,1000000000.0,1.0,1.4195487155731032,0.0,0.0,0.0,0.0,0.0,1.0
pubmed,42,iid,,iid,Policy_C_th10,0.027765483978552868,1.4195487155731032,0.0,0.0,1,1000000000.0,1.0,1.4195487155731032,0.0,0.0,0.0,0.0,0.0,1.0
pubmed,42,dirichlet,0.1,dirichlet_0.1,Policy_A_6D,0.5573864735190809,1.5511647497844303,0.0,0.0,1,1000000000.0,1.0,1.5511647497844303,0.0,0.0,0.0,0.0,0.0,1.0
pubmed,42,dirichlet,0.1,dirichlet_0.1,Policy_B_5D,0.5573864735190809,1.5511647497844303,0.0,0.0,1,1000000000.0,1.0,1.5511647497844303,0.0,0.0,0.0,0.0,0.0,1.0
pubmed,42,dirichlet,0.1,dirichlet_0.1,Policy_C_th1,0.5573864735190809,1.5511647497844303,0.0,0.0,1,1000000000.0,1.0,1.5511647497844303,0.0,0.0,0.0,0.0,0.0,1.0
pubmed,42,dirichlet,0.1,dirichlet_0.1,Policy_C_th3,0.5573864735190809,1.5511647497844303,0.0,0.0,1,1000000000.0,1.0,1.5511647497844303,0.0,0.0,0.0,0.0,0.0,1.0
pubmed,42,dirichlet,0.1,dirichlet_0.1,Policy_C_th5,0.5573864735190809,1.5511647497844303,0.0,0.0,1,1000000000.0,1.0,1.5511647497844303,0.0,0.0,0.0,0.0,0.0,1.0
pubmed,42,dirichlet,0.1,dirichlet_0.1,Policy_C_th10,0.5573864735190809,1.5511647497844303,0.0,0.0,1,1000000000.0,1.0,1.5511647497844303,0.0,0.0,0.0,0.0,0.0,1.0
pubmed,42,dirichlet,0.5,dirichlet_0.5,Policy_A_6D,0.1688868588304056,1.025282405371768,0.0,0.0,1,1000000000.0,1.0,1.025282405371768,0.0,0.0,0.0,0.0,0.0,1.0
pubmed,42,dirichlet,0.5,dirichlet_0.5,Policy_B_5D,0.1688868588304056,1.025282405371768,0.0,0.0,1,1000000000.0,1.0,1.025282405371768,0.0,0.0,0.0,0.0,0.0,1.0
pubmed,42,dirichlet,0.5,dirichlet_0.5,Policy_C_th1,0.1688868588304056,1.025282405371768,0.0,0.0,1,1000000000.0,1.0,1.025282405371768,0.0,0.0,0.0,0.0,0.0,1.0
pubmed,42,dirichlet,0.5,dirichlet_0.5,Policy_C_th3,0.1688868588304056,1.025282405371768,0.0,0.0,1,1000000000.0,1.0,1.025282405371768,0.0,0.0,0.0,0.0,0.0,1.0
pubmed,42,dirichlet,0.5,dirichlet_0.5,Policy_C_th5,0.1688868588304056,1.025282405371768,0.0,0.0,1,1000000000.0,1.0,1.025282405371768,0.0,0.0,0.0,0.0,0.0,1.0
pubmed,42,dirichlet,0.5,dirichlet_0.5,Policy_C_th10,0.1688868588304056,1.025282405371768,0.0,0.0,1,1000000000.0,1.0,1.025282405371768,0.0,0.0,0.0,0.0,0.0,1.0
pubmed,42,dirichlet,1.0,dirichlet_1.0,Policy_A_6D,0.004110382473350211,0.08289789111443134,0.0,0.0,1,1000000000.0,1.0,0.08289789111443134,0.0,0.0,0.0,0.0,0.0,1.0
pubmed,42,dirichlet,1.0,dirichlet_1.0,Policy_B_5D,0.004110382473350211,0.08289789111443134,0.0,0.0,1,1000000000.0,1.0,0.08289789111443134,0.0,0.0,0.0,0.0,0.0,1.0
pubmed,42,dirichlet,1.0,dirichlet_1.0,Policy_C_th1,0.004110382473350211,0.08289789111443134,0.0,0.0,1,1000000000.0,1.0,0.08289789111443134,0.0,0.0,0.0,0.0,0.0,1.0
pubmed,42,dirichlet,1.0,dirichlet_1.0,Policy_C_th3,0.004110382473350211,0.08289789111443134,0.0,0.0,1,1000000000.0,1.0,0.08289789111443134,0.0,0.0,0.0,0.0,0.0,1.0
pubmed,42,dirichlet,1.0,dirichlet_1.0,Policy_C_th5,0.004110382473350211,0.08289789111443134,0.0,0.0,1,1000000000.0,1.0,0.08289789111443134,0.0,0.0,0.0,0.0,0.0,1.0
pubmed,42,dirichlet,1.0,dirichlet_1.0,Policy_C_th10,0.004110382473350211,0.08289789111443134,0.0,0.0,1,1000000000.0,1.0,0.08289789111443134,0.0,0.0,0.0,0.0,0.0,1.0
pubmed,43,iid,,iid,Policy_A_6D,0.024928251203416667,0.8531729992466071,0.0,0.0,1,1000000000.0,1.0,0.8531729992466071,0.0,0.0,0.0,0.0,0.0,1.0
pubmed,43,iid,,iid,Policy_B_5D,0.024928251203416667,0.8531729992466071,0.0,0.0,1,1000000000.0,1.0,0.8531729992466071,0.0,0.0,0.0,0.0,0.0,1.0
pubmed,43,iid,,iid,Policy_C_th1,0.024928251203416667,0.8531729992466071,0.0,0.0,1,1000000000.0,1.0,0.8531729992466071,0.0,0.0,0.0,0.0,0.0,1.0
pubmed,43,iid,,iid,Policy_C_th3,0.024928251203416667,0.8531729992466071,0.0,0.0,1,1000000000.0,1.0,0.8531729992466071,0.0,0.0,0.0,0.0,0.0,1.0
pubmed,43,iid,,iid,Policy_C_th5,0.024928251203416667,0.8531729992466071,0.0,0.0,1,1000000000.0,1.0,0.8531729992466071,0.0,0.0,0.0,0.0,0.0,1.0
pubmed,43,iid,,iid,Policy_C_th10,0.024928251203416667,0.8531729992466071,0.0,0.0,1,1000000000.0,1.0,0.8531729992466071,0.0,0.0,0.0,0.0,0.0,1.0
pubmed,43,dirichlet,0.1,dirichlet_0.1,Policy_A_6D,0.9893556717096056,0.6679724575722628,0.0,0.0,1,1000000000.0,1.0,0.6679724575722628,0.0,0.0,0.0,0.0,0.0,1.0
pubmed,43,dirichlet,0.1,dirichlet_0.1,Policy_B_5D,0.9893556717096056,0.6679724575722628,0.0,0.0,1,1000000000.0,1.0,0.6679724575722628,0.0,0.0,0.0,0.0,0.0,1.0
pubmed,43,dirichlet,0.1,dirichlet_0.1,Policy_C_th1,0.9893556717096056,0.6679724575722628,0.0,0.0,1,1000000000.0,1.0,0.6679724575722628,0.0,0.0,0.0,0.0,0.0,1.0
pubmed,43,dirichlet,0.1,dirichlet_0.1,Policy_C_th3,0.9893556717096056,0.6679724575722628,0.0,0.0,1,1000000000.0,1.0,0.6679724575722628,0.0,0.0,0.0,0.0,0.0,1.0
pubmed,43,dirichlet,0.1,dirichlet_0.1,Policy_C_th5,0.9893556717096056,0.6679724575722628,0.0,0.0,1,1000000000.0,1.0,0.6679724575722628,0.0,0.0,0.0,0.0,0.0,1.0
pubmed,43,dirichlet,0.1,dirichlet_0.1,Policy_C_th10,0.9893556717096056,0.6679724575722628,0.0,0.0,1,1000000000.0,1.0,0.6679724575722628,0.0,0.0,0.0,0.0,0.0,1.0
pubmed,43,dirichlet,0.5,dirichlet_0.5,Policy_A_6D,0.003938153313565192,0.05538493663339537,0.0,0.0,1,1000000000.0,1.0,0.05538493663339537,0.0,0.0,0.0,0.0,0.0,1.0
pubmed,43,dirichlet,0.5,dirichlet_0.5,Policy_B_5D,0.003938153313565192,0.05538493663339537,0.0,0.0,1,1000000000.0,1.0,0.05538493663339537,0.0,0.0,0.0,0.0,0.0,1.0
pubmed,43,dirichlet,0.5,dirichlet_0.5,Policy_C_th1,0.003938153313565192,0.05538493663339537,0.0,0.0,1,1000000000.0,1.0,0.05538493663339537,0.0,0.0,0.0,0.0,0.0,1.0
pubmed,43,dirichlet,0.5,dirichlet_0.5,Policy_C_th3,0.003938153313565192,0.05538493663339537,0.0,0.0,1,1000000000.0,1.0,0.05538493663339537,0.0,0.0,0.0,0.0,0.0,1.0
pubmed,43,dirichlet,0.5,dirichlet_0.5,Policy_C_th5,0.003938153313565192,0.05538493663339537,0.0,0.0,1,1000000000.0,1.0,0.05538493663339537,0.0,0.0,0.0,0.0,0.0,1.0
pubmed,43,dirichlet,0.5,dirichlet_0.5,Policy_C_th10,0.003938153313565192,0.05538493663339537,0.0,0.0,1,1000000000.0,1.0,0.05538493663339537,0.0,0.0,0.0,0.0,0.0,1.0
pubmed,43,dirichlet,1.0,dirichlet_1.0,Policy_A_6D,0.0167171711429487,0.20899748286824246,0.0,0.0,1,1000000000.0,1.0,0.20899748286824246,0.0,0.0,0.0,0.0,0.0,1.0
pubmed,43,dirichlet,1.0,dirichlet_1.0,Policy_B_5D,0.0167171711429487,0.20899748286824246,0.0,0.0,1,1000000000.0,1.0,0.20899748286824246,0.0,0.0,0.0,0.0,0.0,1.0
pubmed,43,dirichlet,1.0,dirichlet_1.0,Policy_C_th1,0.0167171711429487,0.20899748286824246,0.0,0.0,1,1000000000.0,1.0,0.20899748286824246,0.0,0.0,0.0,0.0,0.0,1.0
pubmed,43,dirichlet,1.0,dirichlet_1.0,Policy_C_th3,0.0167171711429487,0.20899748286824246,0.0,0.0,1,1000000000.0,1.0,0.20899748286824246,0.0,0.0,0.0,0.0,0.0,1.0
pubmed,43,dirichlet,1.0,dirichlet_1.0,Policy_C_th5,0.0167171711429487,0.20899748286824246,0.0,0.0,1,1000000000.0,1.0,0.20899748286824246,0.0,0.0,0.0,0.0,0.0,1.0
pubmed,43,dirichlet,1.0,dirichlet_1.0,Policy_C_th10,0.0167171711429487,0.20899748286824246,0.0,0.0,1,1000000000.0,1.0,0.20899748286824246,0.0,0.0,0.0,0.0,0.0,1.0
pubmed,44,iid,,iid,Policy_A_6D,0.02989943552488317,1.351913816647504,0.0,0.0,1,1000000000.0,1.0,1.351913816647504,0.0,0.0,0.0,0.0,0.0,1.0
pubmed,44,iid,,iid,Policy_B_5D,0.02989943552488317,1.351913816647504,0.0,0.0,1,1000000000.0,1.0,1.351913816647504,0.0,0.0,0.0,0.0,0.0,1.0
pubmed,44,iid,,iid,Policy_C_th1,0.02989943552488317,1.351913816647504,0.0,0.0,1,1000000000.0,1.0,1.351913816647504,0.0,0.0,0.0,0.0,0.0,1.0
pubmed,44,iid,,iid,Policy_C_th3,0.02989943552488317,1.351913816647504,0.0,0.0,1,1000000000.0,1.0,1.351913816647504,0.0,0.0,0.0,0.0,0.0,1.0
pubmed,44,iid,,iid,Policy_C_th5,0.02989943552488317,1.351913816647504,0.0,0.0,1,1000000000.0,1.0,1.351913816647504,0.0,0.0,0.0,0.0,0.0,1.0
pubmed,44,iid,,iid,Policy_C_th10,0.02989943552488317,1.351913816647504,0.0,0.0,1,1000000000.0,1.0,1.351913816647504,0.0,0.0,0.0,0.0,0.0,1.0
pubmed,44,dirichlet,0.1,dirichlet_0.1,Policy_A_6D,0.0036422789237502786,0.051910650692705076,0.0,0.0,1,1000000000.0,1.0,0.051910650692705076,0.0,0.0,0.0,0.0,0.0,1.0
pubmed,44,dirichlet,0.1,dirichlet_0.1,Policy_B_5D,0.0036422789237502786,0.051910650692705076,0.0,0.0,1,1000000000.0,1.0,0.051910650692705076,0.0,0.0,0.0,0.0,0.0,1.0
pubmed,44,dirichlet,0.1,dirichlet_0.1,Policy_C_th1,0.0036422789237502786,0.051910650692705076,0.0,0.0,1,1000000000.0,1.0,0.051910650692705076,0.0,0.0,0.0,0.0,0.0,1.0
pubmed,44,dirichlet,0.1,dirichlet_0.1,Policy_C_th3,0.0036422789237502786,0.051910650692705076,0.0,0.0,1,1000000000.0,1.0,0.051910650692705076,0.0,0.0,0.0,0.0,0.0,1.0
pubmed,44,dirichlet,0.1,dirichlet_0.1,Policy_C_th5,0.0036422789237502786,0.051910650692705076,0.0,0.0,1,1000000000.0,1.0,0.051910650692705076,0.0,0.0,0.0,0.0,0.0,1.0
pubmed,44,dirichlet,0.1,dirichlet_0.1,Policy_C_th10,0.0036422789237502786,0.051910650692705076,0.0,0.0,1,1000000000.0,1.0,0.051910650692705076,0.0,0.0,0.0,0.0,0.0,1.0
pubmed,44,dirichlet,0.5,dirichlet_0.5,Policy_A_6D,0.041363564613845126,0.6053242668651514,0.0,0.0,1,1000000000.0,1.0,0.6053242668651514,0.0,0.0,0.0,0.0,0.0,1.0
pubmed,44,dirichlet,0.5,dirichlet_0.5,Policy_B_5D,0.041363564613845126,0.6053242668651514,0.0,0.0,1,1000000000.0,1.0,0.6053242668651514,0.0,0.0,0.0,0.0,0.0,1.0
pubmed,44,dirichlet,0.5,dirichlet_0.5,Policy_C_th1,0.041363564613845126,0.6053242668651514,0.0,0.0,1,1000000000.0,1.0,0.6053242668651514,0.0,0.0,0.0,0.0,0.0,1.0
pubmed,44,dirichlet,0.5,dirichlet_0.5,Policy_C_th3,0.041363564613845126,0.6053242668651514,0.0,0.0,1,1000000000.0,1.0,0.6053242668651514,0.0,0.0,0.0,0.0,0.0,1.0
pubmed,44,dirichlet,0.5,dirichlet_0.5,Policy_C_th5,0.041363564613845126,0.6053242668651514,0.0,0.0,1,1000000000.0,1.0,0.6053242668651514,0.0,0.0,0.0,0.0,0.0,1.0
pubmed,44,dirichlet,0.5,dirichlet_0.5,Policy_C_th10,0.041363564613845126,0.6053242668651514,0.0,0.0,1,1000000000.0,1.0,0.6053242668651514,0.0,0.0,0.0,0.0,0.0,1.0
pubmed,44,dirichlet,1.0,dirichlet_1.0,Policy_A_6D,0.044597079505336215,0.4870950228279922,0.0,0.0,1,1000000000.0,1.0,0.4870950228279922,0.0,0.0,0.0,0.0,0.0,1.0
pubmed,44,dirichlet,1.0,dirichlet_1.0,Policy_B_5D,0.044597079505336215,0.4870950228279922,0.0,0.0,1,1000000000.0,1.0,0.4870950228279922,0.0,0.0,0.0,0.0,0.0,1.0
pubmed,44,dirichlet,1.0,dirichlet_1.0,Policy_C_th1,0.044597079505336215,0.4870950228279922,0.0,0.0,1,1000000000.0,1.0,0.4870950228279922,0.0,0.0,0.0,0.0,0.0,1.0
pubmed,44,dirichlet,1.0,dirichlet_1.0,Policy_C_th3,0.044597079505336215,0.4870950228279922,0.0,0.0,1,1000000000.0,1.0,0.4870950228279922,0.0,0.0,0.0,0.0,0.0,1.0
pubmed,44,dirichlet,1.0,dirichlet_1.0,Policy_C_th5,0.044597079505336215,0.4870950228279922,0.0,0.0,1,1000000000.0,1.0,0.4870950228279922,0.0,0.0,0.0,0.0,0.0,1.0
pubmed,44,dirichlet,1.0,dirichlet_1.0,Policy_C_th10,0.044597079505336215,0.4870950228279922,0.0,0.0,1,1000000000.0,1.0,0.4870950228279922,0.0,0.0,0.0,0.0,0.0,1.0
pubmed,45,iid,,iid,Policy_A_6D,0.023427328185216294,1.4712729956479478,0.0,0.0,1,1000000000.0,1.0,1.4712729956479478,0.0,0.0,0.0,0.0,0.0,1.0
pubmed,45,iid,,iid,Policy_B_5D,0.023427328185216294,1.4712729956479478,0.0,0.0,1,1000000000.0,1.0,1.4712729956479478,0.0,0.0,0.0,0.0,0.0,1.0
pubmed,45,iid,,iid,Policy_C_th1,0.023427328185216294,1.4712729956479478,0.0,0.0,1,1000000000.0,1.0,1.4712729956479478,0.0,0.0,0.0,0.0,0.0,1.0
pubmed,45,iid,,iid,Policy_C_th3,0.023427328185216294,1.4712729956479478,0.0,0.0,1,1000000000.0,1.0,1.4712729956479478,0.0,0.0,0.0,0.0,0.0,1.0
pubmed,45,iid,,iid,Policy_C_th5,0.023427328185216294,1.4712729956479478,0.0,0.0,1,1000000000.0,1.0,1.4712729956479478,0.0,0.0,0.0,0.0,0.0,1.0
pubmed,45,iid,,iid,Policy_C_th10,0.023427328185216294,1.4712729956479478,0.0,0.0,1,1000000000.0,1.0,1.4712729956479478,0.0,0.0,0.0,0.0,0.0,1.0
pubmed,45,dirichlet,0.1,dirichlet_0.1,Policy_A_6D,0.00445619743251523,0.03135867354236893,0.0,0.0,1,1000000000.0,1.0,0.03135867354236893,0.0,0.0,0.0,0.0,0.0,1.0
pubmed,45,dirichlet,0.1,dirichlet_0.1,Policy_B_5D,0.00445619743251523,0.03135867354236893,0.0,0.0,1,1000000000.0,1.0,0.03135867354236893,0.0,0.0,0.0,0.0,0.0,1.0
pubmed,45,dirichlet,0.1,dirichlet_0.1,Policy_C_th1,0.00445619743251523,0.03135867354236893,0.0,0.0,1,1000000000.0,1.0,0.03135867354236893,0.0,0.0,0.0,0.0,0.0,1.0
pubmed,45,dirichlet,0.1,dirichlet_0.1,Policy_C_th3,0.00445619743251523,0.03135867354236893,0.0,0.0,1,1000000000.0,1.0,0.03135867354236893,0.0,0.0,0.0,0.0,0.0,1.0
pubmed,45,dirichlet,0.1,dirichlet_0.1,Policy_C_th5,0.00445619743251523,0.03135867354236893,0.0,0.0,1,1000000000.0,1.0,0.03135867354236893,0.0,0.0,0.0,0.0,0.0,1.0
pubmed,45,dirichlet,0.1,dirichlet_0.1,Policy_C_th10,0.00445619743251523,0.03135867354236893,0.0,0.0,1,1000000000.0,1.0,0.03135867354236893,0.0,0.0,0.0,0.0,0.0,1.0
pubmed,45,dirichlet,0.5,dirichlet_0.5,Policy_A_6D,0.06769186841971708,0.3411665056767191,0.0,0.0,1,1000000000.0,1.0,0.3411665056767191,0.0,0.0,0.0,0.0,0.0,1.0
pubmed,45,dirichlet,0.5,dirichlet_0.5,Policy_B_5D,0.06769186841971708,0.3411665056767191,0.0,0.0,1,1000000000.0,1.0,0.3411665056767191,0.0,0.0,0.0,0.0,0.0,1.0
pubmed,45,dirichlet,0.5,dirichlet_0.5,Policy_C_th1,0.06769186841971708,0.3411665056767191,0.0,0.0,1,1000000000.0,1.0,0.3411665056767191,0.0,0.0,0.0,0.0,0.0,1.0
pubmed,45,dirichlet,0.5,dirichlet_0.5,Policy_C_th3,0.06769186841971708,0.3411665056767191,0.0,0.0,1,1000000000.0,1.0,0.3411665056767191,0.0,0.0,0.0,0.0,0.0,1.0
pubmed,45,dirichlet,0.5,dirichlet_0.5,Policy_C_th5,0.06769186841971708,0.3411665056767191,0.0,0.0,1,1000000000.0,1.0,0.3411665056767191,0.0,0.0,0.0,0.0,0.0,1.0
pubmed,45,dirichlet,0.5,dirichlet_0.5,Policy_C_th10,0.06769186841971708,0.3411665056767191,0.0,0.0,1,1000000000.0,1.0,0.3411665056767191,0.0,0.0,0.0,0.0,0.0,1.0
pubmed,45,dirichlet,1.0,dirichlet_1.0,Policy_A_6D,0.10011140390009511,0.5256035235307709,0.0,0.0,1,1000000000.0,1.0,0.5256035235307709,0.0,0.0,0.0,0.0,0.0,1.0
pubmed,45,dirichlet,1.0,dirichlet_1.0,Policy_B_5D,0.10011140390009511,0.5256035235307709,0.0,0.0,1,1000000000.0,1.0,0.5256035235307709,0.0,0.0,0.0,0.0,0.0,1.0
pubmed,45,dirichlet,1.0,dirichlet_1.0,Policy_C_th1,0.10011140390009511,0.5256035235307709,0.0,0.0,1,1000000000.0,1.0,0.5256035235307709,0.0,0.0,0.0,0.0,0.0,1.0
pubmed,45,dirichlet,1.0,dirichlet_1.0,Policy_C_th3,0.10011140390009511,0.5256035235307709,0.0,0.0,1,1000000000.0,1.0,0.5256035235307709,0.0,0.0,0.0,0.0,0.0,1.0
pubmed,45,dirichlet,1.0,dirichlet_1.0,Policy_C_th5,0.10011140390009511,0.5256035235307709,0.0,0.0,1,1000000000.0,1.0,0.5256035235307709,0.0,0.0,0.0,0.0,0.0,1.0
pubmed,45,dirichlet,1.0,dirichlet_1.0,Policy_C_th10,0.10011140390009511,0.5256035235307709,0.0,0.0,1,1000000000.0,1.0,0.5256035235307709,0.0,0.0,0.0,0.0,0.0,1.0
pubmed,46,iid,,iid,Policy_A_6D,0.0314823166947116,1.7045047819136057,0.0,0.0,1,1000000000.0,1.0,1.7045047819136057,0.0,0.0,0.0,0.0,0.0,1.0
pubmed,46,iid,,iid,Policy_B_5D,0.0314823166947116,1.7045047819136057,0.0,0.0,1,1000000000.0,1.0,1.7045047819136057,0.0,0.0,0.0,0.0,0.0,1.0
pubmed,46,iid,,iid,Policy_C_th1,0.0314823166947116,1.7045047819136057,0.0,0.0,1,1000000000.0,1.0,1.7045047819136057,0.0,0.0,0.0,0.0,0.0,1.0
pubmed,46,iid,,iid,Policy_C_th3,0.0314823166947116,1.7045047819136057,0.0,0.0,1,1000000000.0,1.0,1.7045047819136057,0.0,0.0,0.0,0.0,0.0,1.0
pubmed,46,iid,,iid,Policy_C_th5,0.0314823166947116,1.7045047819136057,0.0,0.0,1,1000000000.0,1.0,1.7045047819136057,0.0,0.0,0.0,0.0,0.0,1.0
pubmed,46,iid,,iid,Policy_C_th10,0.0314823166947116,1.7045047819136057,0.0,0.0,1,1000000000.0,1.0,1.7045047819136057,0.0,0.0,0.0,0.0,0.0,1.0
pubmed,46,dirichlet,0.1,dirichlet_0.1,Policy_A_6D,0.008592857184657165,0.051620350698082136,0.0,0.0,1,1000000000.0,1.0,0.051620350698082136,0.0,0.0,0.0,0.0,0.0,1.0
pubmed,46,dirichlet,0.1,dirichlet_0.1,Policy_B_5D,0.008592857184657165,0.051620350698082136,0.0,0.0,1,1000000000.0,1.0,0.051620350698082136,0.0,0.0,0.0,0.0,0.0,1.0
pubmed,46,dirichlet,0.1,dirichlet_0.1,Policy_C_th1,0.008592857184657165,0.051620350698082136,0.0,0.0,1,1000000000.0,1.0,0.051620350698082136,0.0,0.0,0.0,0.0,0.0,1.0
pubmed,46,dirichlet,0.1,dirichlet_0.1,Policy_C_th3,0.008592857184657165,0.051620350698082136,0.0,0.0,1,1000000000.0,1.0,0.051620350698082136,0.0,0.0,0.0,0.0,0.0,1.0
pubmed,46,dirichlet,0.1,dirichlet_0.1,Policy_C_th5,0.008592857184657165,0.051620350698082136,0.0,0.0,1,1000000000.0,1.0,0.051620350698082136,0.0,0.0,0.0,0.0,0.0,1.0
pubmed,46,dirichlet,0.1,dirichlet_0.1,Policy_C_th10,0.008592857184657165,0.051620350698082136,0.0,0.0,1,1000000000.0,1.0,0.051620350698082136,0.0,0.0,0.0,0.0,0.0,1.0
pubmed,46,dirichlet,0.5,dirichlet_0.5,Policy_A_6D,0.04025582429728956,0.25538982621750955,0.0,0.0,1,1000000000.0,1.0,0.25538982621750955,0.0,0.0,0.0,0.0,0.0,1.0
pubmed,46,dirichlet,0.5,dirichlet_0.5,Policy_B_5D,0.04025582429728956,0.25538982621750955,0.0,0.0,1,1000000000.0,1.0,0.25538982621750955,0.0,0.0,0.0,0.0,0.0,1.0
pubmed,46,dirichlet,0.5,dirichlet_0.5,Policy_C_th1,0.04025582429728956,0.25538982621750955,0.0,0.0,1,1000000000.0,1.0,0.25538982621750955,0.0,0.0,0.0,0.0,0.0,1.0
pubmed,46,dirichlet,0.5,dirichlet_0.5,Policy_C_th3,0.04025582429728956,0.25538982621750955,0.0,0.0,1,1000000000.0,1.0,0.25538982621750955,0.0,0.0,0.0,0.0,0.0,1.0
pubmed,46,dirichlet,0.5,dirichlet_0.5,Policy_C_th5,0.04025582429728956,0.25538982621750955,0.0,0.0,1,1000000000.0,1.0,0.25538982621750955,0.0,0.0,0.0,0.0,0.0,1.0
pubmed,46,dirichlet,0.5,dirichlet_0.5,Policy_C_th10,0.04025582429728956,0.25538982621750955,0.0,0.0,1,1000000000.0,1.0,0.25538982621750955,0.0,0.0,0.0,0.0,0.0,1.0
pubmed,46,dirichlet,1.0,dirichlet_1.0,Policy_A_6D,0.022866474131733164,0.23926267469014884,0.0,0.0,1,1000000000.0,1.0,0.23926267469014884,0.0,0.0,0.0,0.0,0.0,1.0
pubmed,46,dirichlet,1.0,dirichlet_1.0,Policy_B_5D,0.022866474131733164,0.23926267469014884,0.0,0.0,1,1000000000.0,1.0,0.23926267469014884,0.0,0.0,0.0,0.0,0.0,1.0
pubmed,46,dirichlet,1.0,dirichlet_1.0,Policy_C_th1,0.022866474131733164,0.23926267469014884,0.0,0.0,1,1000000000.0,1.0,0.23926267469014884,0.0,0.0,0.0,0.0,0.0,1.0
pubmed,46,dirichlet,1.0,dirichlet_1.0,Policy_C_th3,0.022866474131733164,0.23926267469014884,0.0,0.0,1,1000000000.0,1.0,0.23926267469014884,0.0,0.0,0.0,0.0,0.0,1.0
pubmed,46,dirichlet,1.0,dirichlet_1.0,Policy_C_th5,0.022866474131733164,0.23926267469014884,0.0,0.0,1,1000000000.0,1.0,0.23926267469014884,0.0,0.0,0.0,0.0,0.0,1.0
pubmed,46,dirichlet,1.0,dirichlet_1.0,Policy_C_th10,0.022866474131733164,0.23926267469014884,0.0,0.0,1,1000000000.0,1.0,0.23926267469014884,0.0,0.0,0.0,0.0,0.0,1.0
reddit,42,iid,,iid,Policy_A_6D,1.0060914111424788,20.647587925970864,0.0,0.0,1,1000000000.0,1.0,20.647587925970864,0.0,0.0,0.0,0.0,0.04012227203044672,0.04012227203044672
reddit,42,iid,,iid,Policy_B_5D,0.9867048607668455,20.05801406318457,0.0,0.0,1,1000000000.0,1.0,20.05801406318457,0.0,0.0,0.0,0.0,0.04012227203044672,0.04012227203044672
reddit,42,iid,,iid,Policy_C_th1,1.0060914111424788,20.647587925970864,0.0,0.0,1,1000000000.0,1.0,20.647587925970864,0.0,0.0,0.0,0.0,0.04012227203044672,0.04012227203044672
reddit,42,iid,,iid,Policy_C_th3,1.0060914111424788,20.647587925970864,0.0,0.0,1,1000000000.0,1.0,20.647587925970864,0.0,0.0,0.0,0.0,0.04012227203044672,0.04012227203044672
reddit,42,iid,,iid,Policy_C_th5,1.0060914111424788,20.647587925970864,0.0,0.0,1,1000000000.0,1.0,20.647587925970864,0.0,0.0,0.0,0.0,0.04012227203044672,0.04012227203044672
reddit,42,iid,,iid,Policy_C_th10,1.0060914111424788,20.647587925970864,0.0,0.0,1,1000000000.0,1.0,20.647587925970864,0.0,0.0,0.0,0.0,0.04012227203044672,0.04012227203044672
reddit,42,dirichlet,0.1,dirichlet_0.1,Policy_A_6D,1.3741195545511844,7.354827725050427,0.0,0.0,1,1000000000.0,1.0,7.354827725050427,0.0,0.0,0.0,0.0,0.057673129074007734,0.057673129074007734
reddit,42,dirichlet,0.1,dirichlet_0.1,Policy_B_5D,1.3487441094028643,5.772418090091607,0.0,0.0,1,1000000000.0,1.0,5.772418090091607,0.0,0.0,0.0,0.0,0.057673129074007734,0.057673129074007734
reddit,42,dirichlet,0.1,dirichlet_0.1,Policy_C_th1,1.3741195545511844,7.354827725050427,0.0,0.0,1,1000000000.0,1.0,7.354827725050427,0.0,0.0,0.0,0.0,0.057673129074007734,0.057673129074007734
reddit,42,dirichlet,0.1,dirichlet_0.1,Policy_C_th3,1.3741195545511844,7.354827725050427,0.0,0.0,1,1000000000.0,1.0,7.354827725050427,0.0,0.0,0.0,0.0,0.057673129074007734,0.057673129074007734
reddit,42,dirichlet,0.1,dirichlet_0.1,Policy_C_th5,1.3741195545511844,7.354827725050427,0.0,0.0,1,1000000000.0,1.0,7.354827725050427,0.0,0.0,0.0,0.0,0.057673129074007734,0.057673129074007734
reddit,42,dirichlet,0.1,dirichlet_0.1,Policy_C_th10,1.3741195545511844,7.354827725050427,0.0,0.0,1,1000000000.0,1.0,7.354827725050427,0.0,0.0,0.0,0.0,0.057673129074007734,0.057673129074007734
reddit,42,dirichlet,0.5,dirichlet_0.5,Policy_A_6D,3.0146950667406625,12.16211444499643,0.0,0.0,1,1000000000.0,1.0,12.16211444499643,0.0,0.0,0.0,0.0,0.02619688111282926,0.02619688111282926
reddit,42,dirichlet,0.5,dirichlet_0.5,Policy_B_5D,3.0022006879575076,6.194609247141199,0.0,0.0,1,1000000000.0,1.0,6.194609247141199,0.0,0.0,0.0,0.0,0.02619688111282926,0.02619688111282926
reddit,42,dirichlet,0.5,dirichlet_0.5,Policy_C_th1,3.0146950667406625,12.16211444499643,0.0,0.0,1,1000000000.0,1.0,12.16211444499643,0.0,0.0,0.0,0.0,0.02619688111282926,0.02619688111282926
reddit,42,dirichlet,0.5,dirichlet_0.5,Policy_C_th3,3.0146950667406625,12.16211444499643,0.0,0.0,1,1000000000.0,1.0,12.16211444499643,0.0,0.0,0.0,0.0,0.02619688111282926,0.02619688111282926
reddit,42,dirichlet,0.5,dirichlet_0.5,Policy_C_th5,3.0146950667406625,12.16211444499643,0.0,0.0,1,1000000000.0,1.0,12.16211444499643,0.0,0.0,0.0,0.0,0.02619688111282926,0.02619688111282926
reddit,42,dirichlet,0.5,dirichlet_0.5,Policy_C_th10,3.0146950667406625,12.16211444499643,0.0,0.0,1,1000000000.0,1.0,12.16211444499643,0.0,0.0,0.0,0.0,0.02619688111282926,0.02619688111282926
reddit,42,dirichlet,1.0,dirichlet_1.0,Policy_A_6D,1.0112978050906558,29.70739809593695,0.0,0.0,1,1000000000.0,1.0,29.70739809593695,0.0,0.0,0.0,0.0,0.013015763316084688,0.013015763316084688
reddit,42,dirichlet,1.0,dirichlet_1.0,Policy_B_5D,0.983770187848016,23.62940731797512,0.0,0.0,1,1000000000.0,1.0,23.62940731797512,0.0,0.0,0.0,0.0,0.013015763316084688,0.013015763316084688
reddit,42,dirichlet,1.0,dirichlet_1.0,Policy_C_th1,1.0112978050906558,29.70739809593695,0.0,0.0,1,1000000000.0,1.0,29.70739809593695,0.0,0.0,0.0,0.0,0.013015763316084688,0.013015763316084688
reddit,42,dirichlet,1.0,dirichlet_1.0,Policy_C_th3,1.0112978050906558,29.70739809593695,0.0,0.0,1,1000000000.0,1.0,29.70739809593695,0.0,0.0,0.0,0.0,0.013015763316084688,0.013015763316084688
reddit,42,dirichlet,1.0,dirichlet_1.0,Policy_C_th5,1.0112978050906558,29.70739809593695,0.0,0.0,1,1000000000.0,1.0,29.70739809593695,0.0,0.0,0.0,0.0,0.013015763316084688,0.013015763316084688
reddit,42,dirichlet,1.0,dirichlet_1.0,Policy_C_th10,1.0112978050906558,29.70739809593695,0.0,0.0,1,1000000000.0,1.0,29.70739809593695,0.0,0.0,0.0,0.0,0.013015763316084688,0.013015763316084688
reddit,43,iid,,iid,Policy_A_6D,1.1794992773773498,40.52028560480653,0.0,0.0,1,1000000000.0,1.0,40.52028560480653,0.0,0.0,0.0,0.0,0.04984802767931201,0.04984802767931201
reddit,43,iid,,iid,Policy_B_5D,1.157643629688614,40.26582750612963,0.0,0.0,1,1000000000.0,1.0,40.26582750612963,0.0,0.0,0.0,0.0,0.04984802767931201,0.04984802767931201
reddit,43,iid,,iid,Policy_C_th1,1.1794992773773498,40.52028560480653,0.0,0.0,1,1000000000.0,1.0,40.52028560480653,0.0,0.0,0.0,0.0,0.04984802767931201,0.04984802767931201
reddit,43,iid,,iid,Policy_C_th3,1.1794992773773498,40.52028560480653,0.0,0.0,1,1000000000.0,1.0,40.52028560480653,0.0,0.0,0.0,0.0,0.04984802767931201,0.04984802767931201
reddit,43,iid,,iid,Policy_C_th5,1.1794992773773498,40.52028560480653,0.0,0.0,1,1000000000.0,1.0,40.52028560480653,0.0,0.0,0.0,0.0,0.04984802767931201,0.04984802767931201
reddit,43,iid,,iid,Policy_C_th10,1.1794992773773498,40.52028560480653,0.0,0.0,1,1000000000.0,1.0,40.52028560480653,0.0,0.0,0.0,0.0,0.04984802767931201,0.04984802767931201
reddit,43,dirichlet,0.1,dirichlet_0.1,Policy_A_6D,2.9844697133527385,6.762944002281308,0.0,0.0,1,1000000000.0,1.0,6.762944002281308,0.0,0.0,0.0,0.0,0.061018387242080786,0.061018387242080786
reddit,43,dirichlet,0.1,dirichlet_0.1,Policy_B_5D,2.969853471419463,4.728919285657203,0.0,0.0,1,1000000000.0,1.0,4.728919285657203,0.0,0.0,0.0,0.0,0.061018387242080786,0.061018387242080786
reddit,43,dirichlet,0.1,dirichlet_0.1,Policy_C_th1,2.9844697133527385,6.762944002281308,0.0,0.0,1,1000000000.0,1.0,6.762944002281308,0.0,0.0,0.0,0.0,0.061018387242080786,0.061018387242080786
reddit,43,dirichlet,0.1,dirichlet_0.1,Policy_C_th3,2.9844697133527385,6.762944002281308,0.0,0.0,1,1000000000.0,1.0,6.762944002281308,0.0,0.0,0.0,0.0,0.061018387242080786,0.061018387242080786
reddit,43,dirichlet,0.1,dirichlet_0.1,Policy_C_th5,2.9844697133527385,6.762944002281308,0.0,0.0,1,1000000000.0,1.0,6.762944002281308,0.0,0.0,0.0,0.0,0.061018387242080786,0.061018387242080786
reddit,43,dirichlet,0.1,dirichlet_0.1,Policy_C_th10,2.9844697133527385,6.762944002281308,0.0,0.0,1,1000000000.0,1.0,6.762944002281308,0.0,0.0,0.0,0.0,0.061018387242080786,0.061018387242080786
reddit,43,dirichlet,0.5,dirichlet_0.5,Policy_A_6D,0.9706419844465078,9.781405122361335,0.0,0.0,1,1000000000.0,1.0,9.781405122361335,0.0,0.0,0.0,0.0,0.03308735417776797,0.03308735417776797
reddit,43,dirichlet,0.5,dirichlet_0.5,Policy_B_5D,0.944180993955676,7.028089567595054,0.0,0.0,1,1000000000.0,1.0,7.028089567595054,0.0,0.0,0.0,0.0,0.03308735417776797,0.03308735417776797
reddit,43,dirichlet,0.5,dirichlet_0.5,Policy_C_th1,0.9706419844465078,9.781405122361335,0.0,0.0,1,1000000000.0,1.0,9.781405122361335,0.0,0.0,0.0,0.0,0.03308735417776797,0.03308735417776797
reddit,43,dirichlet,0.5,dirichlet_0.5,Policy_C_th3,0.9706419844465078,9.781405122361335,0.0,0.0,1,1000000000.0,1.0,9.781405122361335,0.0,0.0,0.0,0.0,0.03308735417776797,0.03308735417776797
reddit,43,dirichlet,0.5,dirichlet_0.5,Policy_C_th5,0.9706419844465078,9.781405122361335,0.0,0.0,1,1000000000.0,1.0,9.781405122361335,0.0,0.0,0.0,0.0,0.03308735417776797,0.03308735417776797
reddit,43,dirichlet,0.5,dirichlet_0.5,Policy_C_th10,0.9706419844465078,9.781405122361335,0.0,0.0,1,1000000000.0,1.0,9.781405122361335,0.0,0.0,0.0,0.0,0.03308735417776797,0.03308735417776797
reddit,43,dirichlet,1.0,dirichlet_1.0,Policy_A_6D,0.9830397866233987,16.2067969463712,0.0,0.0,1,1000000000.0,1.0,16.2067969463712,0.0,0.0,0.0,0.0,0.030778254859705135,0.030778254859705135
reddit,43,dirichlet,1.0,dirichlet_1.0,Policy_B_5D,0.9494278393516479,13.931720282585053,0.0,0.0,1,1000000000.0,1.0,13.931720282585053,0.0,0.0,0.0,0.0,0.030778254859705135,0.030778254859705135
reddit,43,dirichlet,1.0,dirichlet_1.0,Policy_C_th1,0.9830397866233987,16.2067969463712,0.0,0.0,1,1000000000.0,1.0,16.2067969463712,0.0,0.0,0.0,0.0,0.030778254859705135,0.030778254859705135
reddit,43,dirichlet,1.0,dirichlet_1.0,Policy_C_th3,0.9830397866233987,16.2067969463712,0.0,0.0,1,1000000000.0,1.0,16.2067969463712,0.0,0.0,0.0,0.0,0.030778254859705135,0.030778254859705135
reddit,43,dirichlet,1.0,dirichlet_1.0,Policy_C_th5,0.9830397866233987,16.2067969463712,0.0,0.0,1,1000000000.0,1.0,16.2067969463712,0.0,0.0,0.0,0.0,0.030778254859705135,0.030778254859705135
reddit,43,dirichlet,1.0,dirichlet_1.0,Policy_C_th10,0.9830397866233987,16.2067969463712,0.0,0.0,1,1000000000.0,1.0,16.2067969463712,0.0,0.0,0.0,0.0,0.030778254859705135,0.030778254859705135
reddit,44,iid,,iid,Policy_A_6D,1.1602495810309426,22.439976895807856,0.0,0.0,1,1000000000.0,1.0,22.439976895807856,0.0,0.0,0.0,0.0,0.02122579103088468,0.02122579103088468
reddit,44,iid,,iid,Policy_B_5D,1.1373895255307238,19.67156857223714,0.0,0.0,1,1000000000.0,1.0,19.67156857223714,0.0,0.0,0.0,0.0,0.02122579103088468,0.02122579103088468
reddit,44,iid,,iid,Policy_C_th1,1.1602495810309426,22.439976895807856,0.0,0.0,1,1000000000.0,1.0,22.439976895807856,0.0,0.0,0.0,0.0,0.02122579103088468,0.02122579103088468
reddit,44,iid,,iid,Policy_C_th3,1.1602495810309426,22.439976895807856,0.0,0.0,1,1000000000.0,1.0,22.439976895807856,0.0,0.0,0.0,0.0,0.02122579103088468,0.02122579103088468
reddit,44,iid,,iid,Policy_C_th5,1.1602495810309426,22.439976895807856,0.0,0.0,1,1000000000.0,1.0,22.439976895807856,0.0,0.0,0.0,0.0,0.02122579103088468,0.02122579103088468
reddit,44,iid,,iid,Policy_C_th10,1.1602495810309426,22.439976895807856,0.0,0.0,1,1000000000.0,1.0,22.439976895807856,0.0,0.0,0.0,0.0,0.02122579103088468,0.02122579103088468
reddit,44,dirichlet,0.1,dirichlet_0.1,Policy_A_6D,1.9722593130950339,8.75190418007945,0.0,0.0,1,1000000000.0,1.0,8.75190418007945,0.0,0.0,0.0,0.0,0.053430699740563754,0.053430699740563754
reddit,44,dirichlet,0.1,dirichlet_0.1,Policy_B_5D,1.952778222135888,7.0577497258912265,0.0,0.0,1,1000000000.0,1.0,7.0577497258912265,0.0,0.0,0.0,0.0,0.053430699740563754,0.053430699740563754
reddit,44,dirichlet,0.1,dirichlet_0.1,Policy_C_th1,1.9722593130950339,8.75190418007945,0.0,0.0,1,1000000000.0,1.0,8.75190418007945,0.0,0.0,0.0,0.0,0.053430699740563754,0.053430699740563754
reddit,44,dirichlet,0.1,dirichlet_0.1,Policy_C_th3,1.9722593130950339,8.75190418007945,0.0,0.0,1,1000000000.0,1.0,8.75190418007945,0.0,0.0,0.0,0.0,0.053430699740563754,0.053430699740563754
reddit,44,dirichlet,0.1,dirichlet_0.1,Policy_C_th5,1.9722593130950339,8.75190418007945,0.0,0.0,1,1000000000.0,1.0,8.75190418007945,0.0,0.0,0.0,0.0,0.053430699740563754,0.053430699740563754
reddit,44,dirichlet,0.1,dirichlet_0.1,Policy_C_th10,1.9722593130950339,8.75190418007945,0.0,0.0,1,1000000000.0,1.0,8.75190418007945,0.0,0.0,0.0,0.0,0.053430699740563754,0.053430699740563754
reddit,44,dirichlet,0.5,dirichlet_0.5,Policy_A_6D,1.0722646502952229,11.940263328571486,0.0,0.0,1,1000000000.0,1.0,11.940263328571486,0.0,0.0,0.0,0.0,0.04802692642400242,0.04802692642400242
reddit,44,dirichlet,0.5,dirichlet_0.5,Policy_B_5D,1.04433982085156,10.814114783986625,0.0,0.0,1,1000000000.0,1.0,10.814114783986625,0.0,0.0,0.0,0.0,0.04802692642400242,0.04802692642400242
reddit,44,dirichlet,0.5,dirichlet_0.5,Policy_C_th1,1.0722646502952229,11.940263328571486,0.0,0.0,1,1000000000.0,1.0,11.940263328571486,0.0,0.0,0.0,0.0,0.04802692642400242,0.04802692642400242
reddit,44,dirichlet,0.5,dirichlet_0.5,Policy_C_th3,1.0722646502952229,11.940263328571486,0.0,0.0,1,1000000000.0,1.0,11.940263328571486,0.0,0.0,0.0,0.0,0.04802692642400242,0.04802692642400242
reddit,44,dirichlet,0.5,dirichlet_0.5,Policy_C_th5,1.0722646502952229,11.940263328571486,0.0,0.0,1,1000000000.0,1.0,11.940263328571486,0.0,0.0,0.0,0.0,0.04802692642400242,0.04802692642400242
reddit,44,dirichlet,0.5,dirichlet_0.5,Policy_C_th10,1.0722646502952229,11.940263328571486,0.0,0.0,1,1000000000.0,1.0,11.940263328571486,0.0,0.0,0.0,0.0,0.04802692642400242,0.04802692642400242
reddit,44,dirichlet,1.0,dirichlet_1.0,Policy_A_6D,0.7924000865748388,18.6636048222467,0.0,0.0,1,1000000000.0,1.0,18.6636048222467,0.0,0.0,0.0,0.0,0.024970675748934818,0.024970675748934818
reddit,44,dirichlet,1.0,dirichlet_1.0,Policy_B_5D,0.7505728886826321,15.64692608705866,0.0,0.0,1,1000000000.0,1.0,15.64692608705866,0.0,0.0,0.0,0.0,0.024970675748934818,0.024970675748934818
reddit,44,dirichlet,1.0,dirichlet_1.0,Policy_C_th1,0.7924000865748388,18.6636048222467,0.0,0.0,1,1000000000.0,1.0,18.6636048222467,0.0,0.0,0.0,0.0,0.024970675748934818,0.024970675748934818
reddit,44,dirichlet,1.0,dirichlet_1.0,Policy_C_th3,0.7924000865748388,18.6636048222467,0.0,0.0,1,1000000000.0,1.0,18.6636048222467,0.0,0.0,0.0,0.0,0.024970675748934818,0.024970675748934818
reddit,44,dirichlet,1.0,dirichlet_1.0,Policy_C_th5,0.7924000865748388,18.6636048222467,0.0,0.0,1,1000000000.0,1.0,18.6636048222467,0.0,0.0,0.0,0.0,0.024970675748934818,0.024970675748934818
reddit,44,dirichlet,1.0,dirichlet_1.0,Policy_C_th10,0.7924000865748388,18.6636048222467,0.0,0.0,1,1000000000.0,1.0,18.6636048222467,0.0,0.0,0.0,0.0,0.024970675748934818,0.024970675748934818
reddit,45,iid,,iid,Policy_A_6D,1.2887807068010417,20.302667747079873,0.0,0.0,1,1000000000.0,1.0,20.302667747079873,0.0,0.0,0.0,0.0,0.030068735535744413,0.030068735535744413
reddit,45,iid,,iid,Policy_B_5D,1.269983885605744,18.947338915169336,0.0,0.0,1,1000000000.0,1.0,18.947338915169336,0.0,0.0,0.0,0.0,0.030068735535744413,0.030068735535744413
reddit,45,iid,,iid,Policy_C_th1,1.2887807068010417,20.302667747079873,0.0,0.0,1,1000000000.0,1.0,20.302667747079873,0.0,0.0,0.0,0.0,0.030068735535744413,0.030068735535744413
reddit,45,iid,,iid,Policy_C_th3,1.2887807068010417,20.302667747079873,0.0,0.0,1,1000000000.0,1.0,20.302667747079873,0.0,0.0,0.0,0.0,0.030068735535744413,0.030068735535744413
reddit,45,iid,,iid,Policy_C_th5,1.2887807068010417,20.302667747079873,0.0,0.0,1,1000000000.0,1.0,20.302667747079873,0.0,0.0,0.0,0.0,0.030068735535744413,0.030068735535744413
reddit,45,iid,,iid,Policy_C_th10,1.2887807068010417,20.302667747079873,0.0,0.0,1,1000000000.0,1.0,20.302667747079873,0.0,0.0,0.0,0.0,0.030068735535744413,0.030068735535744413
reddit,45,dirichlet,0.1,dirichlet_0.1,Policy_A_6D,2.205296091005509,12.778105231224465,0.0,0.0,1,1000000000.0,1.0,12.778105231224465,0.0,0.0,0.0,0.0,0.03110311798793816,0.03110311798793816
reddit,45,dirichlet,0.1,dirichlet_0.1,Policy_B_5D,2.184876308453151,8.40315602158005,0.0,0.0,1,1000000000.0,1.0,8.40315602158005,0.0,0.0,0.0,0.0,0.03110311798793816,0.03110311798793816
reddit,45,dirichlet,0.1,dirichlet_0.1,Policy_C_th1,2.205296091005509,12.778105231224465,0.0,0.0,1,1000000000.0,1.0,12.778105231224465,0.0,0.0,0.0,0.0,0.03110311798793816,0.03110311798793816
reddit,45,dirichlet,0.1,dirichlet_0.1,Policy_C_th3,2.205296091005509,12.778105231224465,0.0,0.0,1,1000000000.0,1.0,12.778105231224465,0.0,0.0,0.0,0.0,0.03110311798793816,0.03110311798793816
reddit,45,dirichlet,0.1,dirichlet_0.1,Policy_C_th5,2.205296091005509,12.778105231224465,0.0,0.0,1,1000000000.0,1.0,12.778105231224465,0.0,0.0,0.0,0.0,0.03110311798793816,0.03110311798793816
reddit,45,dirichlet,0.1,dirichlet_0.1,Policy_C_th10,2.205296091005509,12.778105231224465,0.0,0.0,1,1000000000.0,1.0,12.778105231224465,0.0,0.0,0.0,0.0,0.03110311798793816,0.03110311798793816
reddit,45,dirichlet,0.5,dirichlet_0.5,Policy_A_6D,1.4707768458663162,10.111867000312598,0.0,0.0,1,1000000000.0,1.0,10.111867000312598,0.0,0.0,0.0,0.0,0.03235038778353764,0.03235038778353764
reddit,45,dirichlet,0.5,dirichlet_0.5,Policy_B_5D,1.4512480132405925,6.908267474504868,0.0,0.0,1,1000000000.0,1.0,6.908267474504868,0.0,0.0,0.0,0.0,0.03235038778353764,0.03235038778353764
reddit,45,dirichlet,0.5,dirichlet_0.5,Policy_C_th1,1.4707768458663162,10.111867000312598,0.0,0.0,1,1000000000.0,1.0,10.111867000312598,0.0,0.0,0.0,0.0,0.03235038778353764,0.03235038778353764
reddit,45,dirichlet,0.5,dirichlet_0.5,Policy_C_th3,1.4707768458663162,10.111867000312598,0.0,0.0,1,1000000000.0,1.0,10.111867000312598,0.0,0.0,0.0,0.0,0.03235038778353764,0.03235038778353764
reddit,45,dirichlet,0.5,dirichlet_0.5,Policy_C_th5,1.4707768458663162,10.111867000312598,0.0,0.0,1,1000000000.0,1.0,10.111867000312598,0.0,0.0,0.0,0.0,0.03235038778353764,0.03235038778353764
reddit,45,dirichlet,0.5,dirichlet_0.5,Policy_C_th10,1.4707768458663162,10.111867000312598,0.0,0.0,1,1000000000.0,1.0,10.111867000312598,0.0,0.0,0.0,0.0,0.03235038778353764,0.03235038778353764
reddit,45,dirichlet,1.0,dirichlet_1.0,Policy_A_6D,1.100734400804757,16.44941393549857,0.0,0.0,1,1000000000.0,1.0,16.44941393549857,0.0,0.0,0.0,0.0,0.05407141756810098,0.05407141756810098
reddit,45,dirichlet,1.0,dirichlet_1.0,Policy_B_5D,1.0688739461123016,15.714339918587221,0.0,0.0,1,1000000000.0,1.0,15.714339918587221,0.0,0.0,0.0,0.0,0.05407141756810098,0.05407141756810098
reddit,45,dirichlet,1.0,dirichlet_1.0,Policy_C_th1,1.100734400804757,16.44941393549857,0.0,0.0,1,1000000000.0,1.0,16.44941393549857,0.0,0.0,0.0,0.0,0.05407141756810098,0.05407141756810098
reddit,45,dirichlet,1.0,dirichlet_1.0,Policy_C_th3,1.100734400804757,16.44941393549857,0.0,0.0,1,1000000000.0,1.0,16.44941393549857,0.0,0.0,0.0,0.0,0.05407141756810098,0.05407141756810098
reddit,45,dirichlet,1.0,dirichlet_1.0,Policy_C_th5,1.100734400804757,16.44941393549857,0.0,0.0,1,1000000000.0,1.0,16.44941393549857,0.0,0.0,0.0,0.0,0.05407141756810098,0.05407141756810098
reddit,45,dirichlet,1.0,dirichlet_1.0,Policy_C_th10,1.100734400804757,16.44941393549857,0.0,0.0,1,1000000000.0,1.0,16.44941393549857,0.0,0.0,0.0,0.0,0.05407141756810098,0.05407141756810098
reddit,46,iid,,iid,Policy_A_6D,1.200855081232313,24.115351928606135,0.0,0.0,1,1000000000.0,1.0,24.115351928606135,0.0,0.0,0.0,0.0,0.02100507354006782,0.02100507354006782
reddit,46,iid,,iid,Policy_B_5D,1.1816554358472462,21.86032633046184,0.0,0.0,1,1000000000.0,1.0,21.86032633046184,0.0,0.0,0.0,0.0,0.02100507354006782,0.02100507354006782
reddit,46,iid,,iid,Policy_C_th1,1.200855081232313,24.115351928606135,0.0,0.0,1,1000000000.0,1.0,24.115351928606135,0.0,0.0,0.0,0.0,0.02100507354006782,0.02100507354006782
reddit,46,iid,,iid,Policy_C_th3,1.200855081232313,24.115351928606135,0.0,0.0,1,1000000000.0,1.0,24.115351928606135,0.0,0.0,0.0,0.0,0.02100507354006782,0.02100507354006782
reddit,46,iid,,iid,Policy_C_th5,1.200855081232313,24.115351928606135,0.0,0.0,1,1000000000.0,1.0,24.115351928606135,0.0,0.0,0.0,0.0,0.02100507354006782,0.02100507354006782
reddit,46,iid,,iid,Policy_C_th10,1.200855081232313,24.115351928606135,0.0,0.0,1,1000000000.0,1.0,24.115351928606135,0.0,0.0,0.0,0.0,0.02100507354006782,0.02100507354006782
reddit,46,dirichlet,0.1,dirichlet_0.1,Policy_A_6D,3.687984381449947,13.54561547147323,0.0,0.0,1,1000000000.0,1.0,13.54561547147323,0.0,0.0,0.0,0.0,0.026201094050114684,0.026201094050114684
reddit,46,dirichlet,0.1,dirichlet_0.1,Policy_B_5D,3.6754480655803046,7.001288496468369,0.0,0.0,1,1000000000.0,1.0,7.001288496468369,0.0,0.0,0.0,0.0,0.026201094050114684,0.026201094050114684
reddit,46,dirichlet,0.1,dirichlet_0.1,Policy_C_th1,3.687984381449947,13.54561547147323,0.0,0.0,1,1000000000.0,1.0,13.54561547147323,0.0,0.0,0.0,0.0,0.026201094050114684,0.026201094050114684
reddit,46,dirichlet,0.1,dirichlet_0.1,Policy_C_th3,3.687984381449947,13.54561547147323,0.0,0.0,1,1000000000.0,1.0,13.54561547147323,0.0,0.0,0.0,0.0,0.026201094050114684,0.026201094050114684
reddit,46,dirichlet,0.1,dirichlet_0.1,Policy_C_th5,3.687984381449947,13.54561547147323,0.0,0.0,1,1000000000.0,1.0,13.54561547147323,0.0,0.0,0.0,0.0,0.026201094050114684,0.026201094050114684
reddit,46,dirichlet,0.1,dirichlet_0.1,Policy_C_th10,3.687984381449947,13.54561547147323,0.0,0.0,1,1000000000.0,1.0,13.54561547147323,0.0,0.0,0.0,0.0,0.026201094050114684,0.026201094050114684
reddit,46,dirichlet,0.5,dirichlet_0.5,Policy_A_6D,1.5502315568743756,11.061865274940159,0.0,0.0,1,1000000000.0,1.0,11.061865274940159,0.0,0.0,0.0,0.0,0.04023774440245263,0.04023774440245263
reddit,46,dirichlet,0.5,dirichlet_0.5,Policy_B_5D,1.5211956483514772,8.202623329752296,0.0,0.0,1,1000000000.0,1.0,8.202623329752296,0.0,0.0,0.0,0.0,0.04023774440245263,0.04023774440245263
reddit,46,dirichlet,0.5,dirichlet_0.5,Policy_C_th1,1.5502315568743756,11.061865274940159,0.0,0.0,1,1000000000.0,1.0,11.061865274940159,0.0,0.0,0.0,0.0,0.04023774440245263,0.04023774440245263
reddit,46,dirichlet,0.5,dirichlet_0.5,Policy_C_th3,1.5502315568743756,11.061865274940159,0.0,0.0,1,1000000000.0,1.0,11.061865274940159,0.0,0.0,0.0,0.0,0.04023774440245263,0.04023774440245263
reddit,46,dirichlet,0.5,dirichlet_0.5,Policy_C_th5,1.5502315568743756,11.061865274940159,0.0,0.0,1,1000000000.0,1.0,11.061865274940159,0.0,0.0,0.0,0.0,0.04023774440245263,0.04023774440245263
reddit,46,dirichlet,0.5,dirichlet_0.5,Policy_C_th10,1.5502315568743756,11.061865274940159,0.0,0.0,1,1000000000.0,1.0,11.061865274940159,0.0,0.0,0.0,0.0,0.04023774440245263,0.04023774440245263
reddit,46,dirichlet,1.0,dirichlet_1.0,Policy_A_6D,1.058544775394776,12.73094212466694,0.0,0.0,1,1000000000.0,1.0,12.73094212466694,0.0,0.0,0.0,0.0,0.030734177280742212,0.030734177280742212
reddit,46,dirichlet,1.0,dirichlet_1.0,Policy_B_5D,1.034708099594539,10.452451808104357,0.0,0.0,1,1000000000.0,1.0,10.452451808104357,0.0,0.0,0.0,0.0,0.030734177280742212,0.030734177280742212
reddit,46,dirichlet,1.0,dirichlet_1.0,Policy_C_th1,1.058544775394776,12.73094212466694,0.0,0.0,1,1000000000.0,1.0,12.73094212466694,0.0,0.0,0.0,0.0,0.030734177280742212,0.030734177280742212
reddit,46,dirichlet,1.0,dirichlet_1.0,Policy_C_th3,1.058544775394776,12.73094212466694,0.0,0.0,1,1000000000.0,1.0,12.73094212466694,0.0,0.0,0.0,0.0,0.030734177280742212,0.030734177280742212
reddit,46,dirichlet,1.0,dirichlet_1.0,Policy_C_th5,1.058544775394776,12.73094212466694,0.0,0.0,1,1000000000.0,1.0,12.73094212466694,0.0,0.0,0.0,0.0,0.030734177280742212,0.030734177280742212
reddit,46,dirichlet,1.0,dirichlet_1.0,Policy_C_th10,1.058544775394776,12.73094212466694,0.0,0.0,1,1000000000.0,1.0,12.73094212466694,0.0,0.0,0.0,0.0,0.030734177280742212,0.030734177280742212
